-- Category
insert into Category (id, category_name) values (1, 'Living Room');
insert into Category (id, category_name) values (2, 'Bedroom');
insert into Category (id, category_name) values (3, 'Kitchen & Dining');
insert into Category (id, category_name) values (4, 'Office & Study');
insert into Category (id, category_name) values (5, 'Kids & Nursery');
insert into Category (id, category_name) values (6, 'Hallway & Entry');
insert into Category (id, category_name) values (7, 'Outdoor Furniture');
insert into Category (id, category_name) values (8, 'Storage & Wardrobes');
insert into Category (id, category_name) values (9, 'Bathroom Furniture');
insert into Category (id, category_name) values (10, 'Lighting & Lamps');

-- PartsSupplier
insert into PartsSupplier (id, supplier_name) values (1, 'Emard and Sons');
insert into PartsSupplier (id, supplier_name) values (2, 'Fadel-Gottlieb');
insert into PartsSupplier (id, supplier_name) values (3, 'O''Reilly, Kris and Herzog');
insert into PartsSupplier (id, supplier_name) values (4, 'Prohaska, Johnson and Bruen');
insert into PartsSupplier (id, supplier_name) values (5, 'Cruickshank, Bergnaum and Doyle');
insert into PartsSupplier (id, supplier_name) values (6, 'Collins Inc');
insert into PartsSupplier (id, supplier_name) values (7, 'Schiller, Parisian and VonRueden');
insert into PartsSupplier (id, supplier_name) values (8, 'Murray-Corwin');
insert into PartsSupplier (id, supplier_name) values (9, 'Lynch, Heller and Prosacco');
insert into PartsSupplier (id, supplier_name) values (10, 'Lynch, Harber and Kerluke');
insert into PartsSupplier (id, supplier_name) values (11, 'Emard-Hamill');
insert into PartsSupplier (id, supplier_name) values (12, 'Pouros-Gutmann');
insert into PartsSupplier (id, supplier_name) values (13, 'Hilpert and Sons');
insert into PartsSupplier (id, supplier_name) values (14, 'Hudson-Gutkowski');
insert into PartsSupplier (id, supplier_name) values (15, 'Wolf, Heidenreich and Frami');
insert into PartsSupplier (id, supplier_name) values (16, 'Hagenes, Boehm and Corwin');
insert into PartsSupplier (id, supplier_name) values (17, 'Weimann, Pollich and Heaney');
insert into PartsSupplier (id, supplier_name) values (18, 'Toy, Ledner and Reinger');
insert into PartsSupplier (id, supplier_name) values (19, 'Ruecker, Wyman and Konopelski');
insert into PartsSupplier (id, supplier_name) values (20, 'Wiegand Group');
insert into PartsSupplier (id, supplier_name) values (21, 'Flatley, Bauch and Oberbrunner');
insert into PartsSupplier (id, supplier_name) values (22, 'Kozey-Konopelski');
insert into PartsSupplier (id, supplier_name) values (23, 'Howe LLC');
insert into PartsSupplier (id, supplier_name) values (24, 'Abernathy-Heathcote');
insert into PartsSupplier (id, supplier_name) values (25, 'Sporer LLC');
insert into PartsSupplier (id, supplier_name) values (26, 'Ondricka, Klein and Weimann');
insert into PartsSupplier (id, supplier_name) values (27, 'Blick, Botsford and Kunde');
insert into PartsSupplier (id, supplier_name) values (28, 'Maggio and Sons');
insert into PartsSupplier (id, supplier_name) values (29, 'Morissette Inc');
insert into PartsSupplier (id, supplier_name) values (30, 'Sporer, McKenzie and Aufderhar');

-- Customers
insert into Customers (id, first_name, last_name, email) values (1, 'Brit', 'Baxster', 'bbaxster0@phoca.cz');
insert into Customers (id, first_name, last_name, email) values (2, 'Maurene', 'Hessenthaler', 'mhessenthaler1@istockphoto.com');
insert into Customers (id, first_name, last_name, email) values (3, 'Costanza', 'Tarren', 'ctarren2@fema.gov');
insert into Customers (id, first_name, last_name, email) values (4, 'Filmore', 'Wainscoat', 'fwainscoat3@paginegialle.it');
insert into Customers (id, first_name, last_name, email) values (5, 'Tally', 'Soares', 'tsoares4@goo.ne.jp');
insert into Customers (id, first_name, last_name, email) values (6, 'Ches', 'Campion', 'ccampion5@techcrunch.com');
insert into Customers (id, first_name, last_name, email) values (7, 'Debor', 'Took', 'dtook6@ucoz.com');
insert into Customers (id, first_name, last_name, email) values (8, 'Devin', 'McCooke', 'dmccooke7@pinterest.com');
insert into Customers (id, first_name, last_name, email) values (9, 'Lula', 'Winstone', 'lwinstone8@w3.org');
insert into Customers (id, first_name, last_name, email) values (10, 'Arlena', 'Swithenby', 'aswithenby9@eepurl.com');
insert into Customers (id, first_name, last_name, email) values (11, 'Vince', 'Spinetti', 'vspinettia@nasa.gov');
insert into Customers (id, first_name, last_name, email) values (12, 'Gayla', 'Shedd', 'gsheddb@statcounter.com');
insert into Customers (id, first_name, last_name, email) values (13, 'Cyril', 'St. Paul', 'cstpaulc@intel.com');
insert into Customers (id, first_name, last_name, email) values (14, 'Carie', 'Ahrenius', 'cahreniusd@cornell.edu');
insert into Customers (id, first_name, last_name, email) values (15, 'Menard', 'Feltoe', 'mfeltoee@comsenz.com');
insert into Customers (id, first_name, last_name, email) values (16, 'Sandye', 'Cessford', 'scessfordf@dion.ne.jp');
insert into Customers (id, first_name, last_name, email) values (17, 'Gertrudis', 'Havoc', 'ghavocg@theguardian.com');
insert into Customers (id, first_name, last_name, email) values (18, 'Lammond', 'Norton', 'lnortonh@businessweek.com');
insert into Customers (id, first_name, last_name, email) values (19, 'Clea', 'Jurczak', 'cjurczaki@accuweather.com');
insert into Customers (id, first_name, last_name, email) values (20, 'Bili', 'O''Dougherty', 'bodoughertyj@hp.com');

-- Shippers
insert into Shippers (id, shipper_name) values (1, 'FedEx Freight');
insert into Shippers (id, shipper_name) values (2, 'UPS Ground');
insert into Shippers (id, shipper_name) values (3, 'DHL Home Delivery');
insert into Shippers (id, shipper_name) values (4, 'XPO Logistics');
insert into Shippers (id, shipper_name) values (5, 'J.B. Hunt Transport');
insert into Shippers (id, shipper_name) values (6, 'Ryder System');
insert into Shippers (id, shipper_name) values (7, 'Schneider National');
insert into Shippers (id, shipper_name) values (8, 'Old Dominion Freight Line');
insert into Shippers (id, shipper_name) values (9, 'Estes Express Lines');
insert into Shippers (id, shipper_name) values (10, 'ArcBest (ABF Freight)');
insert into Shippers (id, shipper_name) values (11, 'TForce Freight');
insert into Shippers (id, shipper_name) values (12, 'Saia LTL Freight');
insert into Shippers (id, shipper_name) values (13, 'R+L Carriers');
insert into Shippers (id, shipper_name) values (14, 'Averitt Express');
insert into Shippers (id, shipper_name) values (15, 'Southeastern Freight Lines');
insert into Shippers (id, shipper_name) values (16, 'Pitt Ohio');
insert into Shippers (id, shipper_name) values (17, 'Ward Trucking');
insert into Shippers (id, shipper_name) values (18, 'Oak Harbor Freight Lines');
insert into Shippers (id, shipper_name) values (19, 'Dayton Freight');
insert into Shippers (id, shipper_name) values (20, 'AAA Cooper Transportation');
insert into Shippers (id, shipper_name) values (21, 'Central Transport');
insert into Shippers (id, shipper_name) values (22, 'Roadrunner Freight');
insert into Shippers (id, shipper_name) values (23, 'Forward Air');
insert into Shippers (id, shipper_name) values (24, 'Landstar System');
insert into Shippers (id, shipper_name) values (25, 'Knight-Swift Transportation');
insert into Shippers (id, shipper_name) values (26, 'Werner Enterprises');
insert into Shippers (id, shipper_name) values (27, 'C.H. Robinson');
insert into Shippers (id, shipper_name) values (28, 'Coyote Logistics');
insert into Shippers (id, shipper_name) values (29, 'Echo Global Logistics');
insert into Shippers (id, shipper_name) values (30, 'Deliveright Logistics');

-- Products
insert into Products (id, name, labor_price, current_stock, production_time_hours, category_id) values (1, 'Heritage Brass Ottoman', 403.92, 27, 41, 5);
insert into Products (id, name, labor_price, current_stock, production_time_hours, category_id) values (2, 'Loft Ash Sideboard', 212.74, 11, 19, 2);
insert into Products (id, name, labor_price, current_stock, production_time_hours, category_id) values (3, 'Scandinavian Leather Sofa', 217.61, 31, 4, 7);
insert into Products (id, name, labor_price, current_stock, production_time_hours, category_id) values (4, 'Mid-Century Mahogany Wardrobe', 95.47, 100, 10, 4);
insert into Products (id, name, labor_price, current_stock, production_time_hours, category_id) values (5, 'Urban Rattan Nightstand', 83.1, 31, 7, 3);
insert into Products (id, name, labor_price, current_stock, production_time_hours, category_id) values (6, 'Scandinavian Metal Sofa', 409.11, 96, 9, 4);
insert into Products (id, name, labor_price, current_stock, production_time_hours, category_id) values (7, 'Loft Ash Sideboard', 185.74, 28, 11, 5);
insert into Products (id, name, labor_price, current_stock, production_time_hours, category_id) values (8, 'Loft Steel Sideboard', 365.99, 2, 45, 4);
insert into Products (id, name, labor_price, current_stock, production_time_hours, category_id) values (9, 'Vintage Pine Dining Table', 384.7, 49, 14, 1);
insert into Products (id, name, labor_price, current_stock, production_time_hours, category_id) values (10, 'Loft Rattan Bench', 461.47, 43, 32, 6);
insert into Products (id, name, labor_price, current_stock, production_time_hours, category_id) values (11, 'Rustic Velvet Bed', 195.52, 3, 24, 1);
insert into Products (id, name, labor_price, current_stock, production_time_hours, category_id) values (12, 'Vintage Walnut Desk', 373.78, 98, 35, 8);
insert into Products (id, name, labor_price, current_stock, production_time_hours, category_id) values (13, 'Minimalist Walnut Dining Table', 391.25, 4, 22, 7);
insert into Products (id, name, labor_price, current_stock, production_time_hours, category_id) values (14, 'Contemporary Rattan Desk', 70.6, 47, 48, 9);
insert into Products (id, name, labor_price, current_stock, production_time_hours, category_id) values (15, 'Coastal Brass Dresser', 302.62, 29, 41, 2);
insert into Products (id, name, labor_price, current_stock, production_time_hours, category_id) values (16, 'Contemporary Fabric Desk', 311.57, 17, 44, 10);
insert into Products (id, name, labor_price, current_stock, production_time_hours, category_id) values (17, 'Urban Ash Nightstand', 260.12, 30, 16, 4);
insert into Products (id, name, labor_price, current_stock, production_time_hours, category_id) values (18, 'Minimalist Walnut Armchair', 185.8, 19, 10, 8);
insert into Products (id, name, labor_price, current_stock, production_time_hours, category_id) values (19, 'Urban Ash Nightstand', 440.43, 9, 37, 5);
insert into Products (id, name, labor_price, current_stock, production_time_hours, category_id) values (20, 'Mid-Century Pine Wardrobe', 231.09, 86, 33, 5);
insert into Products (id, name, labor_price, current_stock, production_time_hours, category_id) values (21, 'Luxury Pine Coffee Table', 110.99, 62, 7, 5);
insert into Products (id, name, labor_price, current_stock, production_time_hours, category_id) values (22, 'Urban Mahogany Ottoman', 416.02, 61, 10, 5);
insert into Products (id, name, labor_price, current_stock, production_time_hours, category_id) values (23, 'Luxury Metal Coffee Table', 115.51, 25, 14, 10);
insert into Products (id, name, labor_price, current_stock, production_time_hours, category_id) values (24, 'Loft Rattan Bench', 389.95, 97, 47, 10);
insert into Products (id, name, labor_price, current_stock, production_time_hours, category_id) values (25, 'Contemporary Teak Desk', 376.88, 56, 27, 4);
insert into Products (id, name, labor_price, current_stock, production_time_hours, category_id) values (26, 'Nordic Mahogany Sideboard', 304.07, 56, 13, 8);
insert into Products (id, name, labor_price, current_stock, production_time_hours, category_id) values (27, 'Vintage Walnut Desk', 245.11, 1, 2, 8);
insert into Products (id, name, labor_price, current_stock, production_time_hours, category_id) values (28, 'Heritage Marble Ottoman', 278.81, 9, 5, 8);
insert into Products (id, name, labor_price, current_stock, production_time_hours, category_id) values (29, 'Alpine Ash Bench', 285.53, 6, 5, 5);
insert into Products (id, name, labor_price, current_stock, production_time_hours, category_id) values (30, 'Rustic Velvet Console Table', 385.09, 76, 22, 8);
insert into Products (id, name, labor_price, current_stock, production_time_hours, category_id) values (31, 'Coastal Brass Dresser', 392.16, 83, 2, 2);
insert into Products (id, name, labor_price, current_stock, production_time_hours, category_id) values (32, 'Industrial Metal Coffee Table', 424.27, 48, 47, 4);
insert into Products (id, name, labor_price, current_stock, production_time_hours, category_id) values (33, 'Modern Pine TV Stand', 397.46, 80, 25, 6);
insert into Products (id, name, labor_price, current_stock, production_time_hours, category_id) values (34, 'Industrial Walnut Bed', 113.91, 30, 46, 2);
insert into Products (id, name, labor_price, current_stock, production_time_hours, category_id) values (35, 'Rustic Leather Console Table', 154.6, 12, 12, 1);
insert into Products (id, name, labor_price, current_stock, production_time_hours, category_id) values (36, 'Scandinavian Leather Sofa', 381.35, 77, 7, 6);
insert into Products (id, name, labor_price, current_stock, production_time_hours, category_id) values (37, 'Scandinavian Metal Sofa', 346.93, 63, 18, 10);
insert into Products (id, name, labor_price, current_stock, production_time_hours, category_id) values (38, 'Coastal Velvet Dresser', 260.63, 9, 9, 4);
insert into Products (id, name, labor_price, current_stock, production_time_hours, category_id) values (39, 'Luxury Metal Coffee Table', 103.45, 31, 18, 5);
insert into Products (id, name, labor_price, current_stock, production_time_hours, category_id) values (40, 'Modern Oak TV Stand', 68.83, 18, 31, 8);
insert into Products (id, name, labor_price, current_stock, production_time_hours, category_id) values (41, 'Industrial Leather Bed', 149.56, 44, 37, 1);
insert into Products (id, name, labor_price, current_stock, production_time_hours, category_id) values (42, 'Urban Steel Nightstand', 316.28, 72, 29, 10);
insert into Products (id, name, labor_price, current_stock, production_time_hours, category_id) values (43, 'Rustic Velvet Bed', 450.61, 56, 9, 5);
insert into Products (id, name, labor_price, current_stock, production_time_hours, category_id) values (44, 'Loft Ash Sideboard', 348.48, 94, 37, 1);
insert into Products (id, name, labor_price, current_stock, production_time_hours, category_id) values (45, 'Modern Velvet TV Stand', 354.15, 77, 17, 10);
insert into Products (id, name, labor_price, current_stock, production_time_hours, category_id) values (46, 'Alpine Marble TV Stand', 499.06, 54, 23, 3);
insert into Products (id, name, labor_price, current_stock, production_time_hours, category_id) values (47, 'Luxury Metal Wardrobe', 441.09, 79, 27, 6);
insert into Products (id, name, labor_price, current_stock, production_time_hours, category_id) values (48, 'Heritage Marble Ottoman', 483.51, 18, 15, 4);
insert into Products (id, name, labor_price, current_stock, production_time_hours, category_id) values (49, 'Minimalist Walnut Armchair', 161.45, 74, 27, 1);
insert into Products (id, name, labor_price, current_stock, production_time_hours, category_id) values (50, 'Vintage Teak Dining Table', 471.43, 34, 13, 8);
insert into Products (id, name, labor_price, current_stock, production_time_hours, category_id) values (51, 'Vintage Walnut Desk', 332.09, 33, 16, 9);
insert into Products (id, name, labor_price, current_stock, production_time_hours, category_id) values (52, 'Loft Ash Sideboard', 367.07, 52, 39, 3);
insert into Products (id, name, labor_price, current_stock, production_time_hours, category_id) values (53, 'Heritage Ash Ottoman', 143.41, 74, 7, 3);
insert into Products (id, name, labor_price, current_stock, production_time_hours, category_id) values (54, 'Loft Ash Sideboard', 76.53, 26, 13, 10);
insert into Products (id, name, labor_price, current_stock, production_time_hours, category_id) values (55, 'Luxury Walnut Coffee Table', 352.77, 87, 46, 5);
insert into Products (id, name, labor_price, current_stock, production_time_hours, category_id) values (56, 'Minimalist Pine Armchair', 66.3, 61, 10, 4);
insert into Products (id, name, labor_price, current_stock, production_time_hours, category_id) values (57, 'Mid-Century Teak Wardrobe', 358.13, 24, 36, 10);
insert into Products (id, name, labor_price, current_stock, production_time_hours, category_id) values (58, 'Alpine Pine Bench', 244.68, 76, 17, 10);
insert into Products (id, name, labor_price, current_stock, production_time_hours, category_id) values (59, 'Nordic Mahogany Bookshelf', 174.87, 52, 13, 7);
insert into Products (id, name, labor_price, current_stock, production_time_hours, category_id) values (60, 'Minimalist Pine Armchair', 300.97, 63, 17, 1);
insert into Products (id, name, labor_price, current_stock, production_time_hours, category_id) values (61, 'Minimalist Glass Armchair', 133.1, 51, 26, 7);
insert into Products (id, name, labor_price, current_stock, production_time_hours, category_id) values (62, 'Luxury Walnut Coffee Table', 67.96, 10, 27, 6);
insert into Products (id, name, labor_price, current_stock, production_time_hours, category_id) values (63, 'Heritage Brass Ottoman', 351.01, 15, 46, 4);
insert into Products (id, name, labor_price, current_stock, production_time_hours, category_id) values (64, 'Vintage Walnut Dining Table', 303.49, 0, 8, 9);
insert into Products (id, name, labor_price, current_stock, production_time_hours, category_id) values (65, 'Vintage Teak Dining Table', 206.88, 78, 4, 8);
insert into Products (id, name, labor_price, current_stock, production_time_hours, category_id) values (66, 'Mid-Century Fabric Wardrobe', 428.76, 63, 30, 9);
insert into Products (id, name, labor_price, current_stock, production_time_hours, category_id) values (67, 'Rustic Velvet Console Table', 465.27, 44, 43, 2);
insert into Products (id, name, labor_price, current_stock, production_time_hours, category_id) values (68, 'Contemporary Mahogany Desk', 80.09, 27, 6, 9);
insert into Products (id, name, labor_price, current_stock, production_time_hours, category_id) values (69, 'Nordic Steel Bookshelf', 312.39, 28, 13, 6);
insert into Products (id, name, labor_price, current_stock, production_time_hours, category_id) values (70, 'Minimalist Walnut Dining Table', 95.7, 54, 17, 3);
insert into Products (id, name, labor_price, current_stock, production_time_hours, category_id) values (71, 'Loft Steel Bench', 479.92, 41, 17, 9);
insert into Products (id, name, labor_price, current_stock, production_time_hours, category_id) values (72, 'Rustic Oak Bed', 138.25, 34, 4, 3);
insert into Products (id, name, labor_price, current_stock, production_time_hours, category_id) values (73, 'Contemporary Mahogany Nightstand', 401.91, 49, 33, 1);
insert into Products (id, name, labor_price, current_stock, production_time_hours, category_id) values (74, 'Urban Steel Nightstand', 339.93, 50, 30, 7);
insert into Products (id, name, labor_price, current_stock, production_time_hours, category_id) values (75, 'Mid-Century Fabric Wardrobe', 163.22, 34, 18, 6);
insert into Products (id, name, labor_price, current_stock, production_time_hours, category_id) values (76, 'Nordic Mahogany Bookshelf', 298.59, 73, 38, 5);
insert into Products (id, name, labor_price, current_stock, production_time_hours, category_id) values (77, 'Heritage Marble Ottoman', 62.57, 74, 12, 7);
insert into Products (id, name, labor_price, current_stock, production_time_hours, category_id) values (78, 'Luxury Metal Coffee Table', 155.96, 1, 48, 10);
insert into Products (id, name, labor_price, current_stock, production_time_hours, category_id) values (79, 'Rustic Oak Bed', 266.61, 7, 39, 10);
insert into Products (id, name, labor_price, current_stock, production_time_hours, category_id) values (80, 'Vintage Teak Dining Table', 254.9, 74, 44, 9);
insert into Products (id, name, labor_price, current_stock, production_time_hours, category_id) values (81, 'Contemporary Teak Desk', 242.71, 64, 43, 1);
insert into Products (id, name, labor_price, current_stock, production_time_hours, category_id) values (82, 'Coastal Marble Console Table', 392.03, 34, 35, 10);
insert into Products (id, name, labor_price, current_stock, production_time_hours, category_id) values (83, 'Heritage Marble Ottoman', 366.16, 4, 26, 7);
insert into Products (id, name, labor_price, current_stock, production_time_hours, category_id) values (84, 'Alpine Marble Bench', 112.54, 15, 27, 3);
insert into Products (id, name, labor_price, current_stock, production_time_hours, category_id) values (85, 'Alpine Marble Bench', 228.05, 10, 39, 6);
insert into Products (id, name, labor_price, current_stock, production_time_hours, category_id) values (86, 'Luxury Fabric Wardrobe', 138.06, 88, 36, 3);
insert into Products (id, name, labor_price, current_stock, production_time_hours, category_id) values (87, 'Coastal Marble Console Table', 80.57, 10, 6, 8);
insert into Products (id, name, labor_price, current_stock, production_time_hours, category_id) values (88, 'Mid-Century Pine Wardrobe', 245.68, 48, 36, 5);
insert into Products (id, name, labor_price, current_stock, production_time_hours, category_id) values (89, 'Loft Steel Sideboard', 320.2, 8, 35, 6);
insert into Products (id, name, labor_price, current_stock, production_time_hours, category_id) values (90, 'Minimalist Metal Dining Table', 367.3, 32, 48, 8);
insert into Products (id, name, labor_price, current_stock, production_time_hours, category_id) values (91, 'Mid-Century Teak Wardrobe', 148.01, 23, 30, 8);
insert into Products (id, name, labor_price, current_stock, production_time_hours, category_id) values (92, 'Urban Steel Nightstand', 452.51, 84, 20, 5);
insert into Products (id, name, labor_price, current_stock, production_time_hours, category_id) values (93, 'Coastal Marble Console Table', 313.31, 12, 13, 5);
insert into Products (id, name, labor_price, current_stock, production_time_hours, category_id) values (94, 'Industrial Walnut Bed', 247.68, 2, 34, 1);
insert into Products (id, name, labor_price, current_stock, production_time_hours, category_id) values (95, 'Alpine Pine Bench', 384.66, 47, 48, 8);
insert into Products (id, name, labor_price, current_stock, production_time_hours, category_id) values (96, 'Contemporary Mahogany Desk', 209.09, 53, 25, 4);
insert into Products (id, name, labor_price, current_stock, production_time_hours, category_id) values (97, 'Minimalist Pine Armchair', 324.9, 76, 2, 4);
insert into Products (id, name, labor_price, current_stock, production_time_hours, category_id) values (98, 'Alpine Marble Bench', 176.71, 85, 42, 9);
insert into Products (id, name, labor_price, current_stock, production_time_hours, category_id) values (99, 'Urban Mahogany Ottoman', 370.25, 0, 38, 6);
insert into Products (id, name, labor_price, current_stock, production_time_hours, category_id) values (100, 'Mid-Century Mahogany Wardrobe', 447.49, 25, 44, 9);
insert into Products (id, name, labor_price, current_stock, production_time_hours, category_id) values (101, 'Mid-Century Teak Wardrobe', 279.12, 46, 19, 10);
insert into Products (id, name, labor_price, current_stock, production_time_hours, category_id) values (102, 'Rustic Velvet Console Table', 113.57, 27, 39, 2);
insert into Products (id, name, labor_price, current_stock, production_time_hours, category_id) values (103, 'Rustic Pine Console Table', 343.03, 47, 10, 5);
insert into Products (id, name, labor_price, current_stock, production_time_hours, category_id) values (104, 'Nordic Steel Bookshelf', 219.72, 32, 5, 1);
insert into Products (id, name, labor_price, current_stock, production_time_hours, category_id) values (105, 'Mid-Century Teak Wardrobe', 303.33, 27, 15, 6);
insert into Products (id, name, labor_price, current_stock, production_time_hours, category_id) values (106, 'Mid-Century Teak Wardrobe', 484.46, 46, 28, 3);
insert into Products (id, name, labor_price, current_stock, production_time_hours, category_id) values (107, 'Nordic Steel Bookshelf', 433.14, 63, 38, 6);
insert into Products (id, name, labor_price, current_stock, production_time_hours, category_id) values (108, 'Alpine Marble TV Stand', 51.01, 42, 29, 10);
insert into Products (id, name, labor_price, current_stock, production_time_hours, category_id) values (109, 'Nordic Teak Bookshelf', 383.52, 88, 46, 9);
insert into Products (id, name, labor_price, current_stock, production_time_hours, category_id) values (110, 'Minimalist Glass Armchair', 242.8, 63, 15, 5);
insert into Products (id, name, labor_price, current_stock, production_time_hours, category_id) values (111, 'Luxury Metal Coffee Table', 197.85, 48, 33, 6);
insert into Products (id, name, labor_price, current_stock, production_time_hours, category_id) values (112, 'Modern Pine TV Stand', 455.24, 41, 10, 10);
insert into Products (id, name, labor_price, current_stock, production_time_hours, category_id) values (113, 'Rustic Pine Console Table', 136.44, 33, 8, 4);
insert into Products (id, name, labor_price, current_stock, production_time_hours, category_id) values (114, 'Nordic Teak Sideboard', 285.48, 59, 21, 8);
insert into Products (id, name, labor_price, current_stock, production_time_hours, category_id) values (115, 'Industrial Glass Bed', 395.43, 13, 4, 4);
insert into Products (id, name, labor_price, current_stock, production_time_hours, category_id) values (116, 'Modern Oak Sofa', 152.65, 98, 15, 2);
insert into Products (id, name, labor_price, current_stock, production_time_hours, category_id) values (117, 'Minimalist Metal Armchair', 307.63, 45, 29, 8);
insert into Products (id, name, labor_price, current_stock, production_time_hours, category_id) values (118, 'Urban Ash Nightstand', 365.59, 49, 41, 7);
insert into Products (id, name, labor_price, current_stock, production_time_hours, category_id) values (119, 'Contemporary Fabric Desk', 422.36, 50, 32, 7);
insert into Products (id, name, labor_price, current_stock, production_time_hours, category_id) values (120, 'Urban Mahogany Nightstand', 242.49, 9, 46, 2);
insert into Products (id, name, labor_price, current_stock, production_time_hours, category_id) values (121, 'Modern Marble TV Stand', 348.61, 34, 26, 8);
insert into Products (id, name, labor_price, current_stock, production_time_hours, category_id) values (122, 'Mid-Century Fabric Wardrobe', 296.56, 0, 12, 4);
insert into Products (id, name, labor_price, current_stock, production_time_hours, category_id) values (123, 'Luxury Pine Coffee Table', 154.41, 45, 5, 6);
insert into Products (id, name, labor_price, current_stock, production_time_hours, category_id) values (124, 'Urban Rattan Ottoman', 459.76, 12, 4, 3);
insert into Products (id, name, labor_price, current_stock, production_time_hours, category_id) values (125, 'Heritage Steel Ottoman', 55.74, 22, 45, 5);
insert into Products (id, name, labor_price, current_stock, production_time_hours, category_id) values (126, 'Urban Mahogany Nightstand', 265.61, 52, 35, 2);
insert into Products (id, name, labor_price, current_stock, production_time_hours, category_id) values (127, 'Alpine Marble Bench', 427.29, 22, 45, 3);
insert into Products (id, name, labor_price, current_stock, production_time_hours, category_id) values (128, 'Scandinavian Oak Armchair', 371.33, 54, 35, 9);
insert into Products (id, name, labor_price, current_stock, production_time_hours, category_id) values (129, 'Heritage Ash Ottoman', 129.55, 47, 45, 4);
insert into Products (id, name, labor_price, current_stock, production_time_hours, category_id) values (130, 'Coastal Brass Dresser', 417.01, 63, 35, 6);
insert into Products (id, name, labor_price, current_stock, production_time_hours, category_id) values (131, 'Minimalist Pine Armchair', 130.41, 76, 33, 2);
insert into Products (id, name, labor_price, current_stock, production_time_hours, category_id) values (132, 'Heritage Brass Ottoman', 320.54, 54, 48, 2);
insert into Products (id, name, labor_price, current_stock, production_time_hours, category_id) values (133, 'Contemporary Fabric Nightstand', 218.94, 25, 11, 6);
insert into Products (id, name, labor_price, current_stock, production_time_hours, category_id) values (134, 'Coastal Pine Dresser', 206.0, 42, 7, 5);
insert into Products (id, name, labor_price, current_stock, production_time_hours, category_id) values (135, 'Nordic Teak Sideboard', 342.44, 72, 6, 10);
insert into Products (id, name, labor_price, current_stock, production_time_hours, category_id) values (136, 'Industrial Metal Coffee Table', 217.05, 8, 13, 1);
insert into Products (id, name, labor_price, current_stock, production_time_hours, category_id) values (137, 'Modern Marble Sofa', 103.15, 83, 28, 7);
insert into Products (id, name, labor_price, current_stock, production_time_hours, category_id) values (138, 'Luxury Pine Coffee Table', 113.68, 50, 16, 9);
insert into Products (id, name, labor_price, current_stock, production_time_hours, category_id) values (139, 'Scandinavian Glass Sofa', 62.11, 98, 37, 7);
insert into Products (id, name, labor_price, current_stock, production_time_hours, category_id) values (140, 'Nordic Rattan Sideboard', 79.38, 79, 46, 7);
insert into Products (id, name, labor_price, current_stock, production_time_hours, category_id) values (141, 'Contemporary Mahogany Nightstand', 253.66, 44, 17, 5);
insert into Products (id, name, labor_price, current_stock, production_time_hours, category_id) values (142, 'Luxury Pine Coffee Table', 164.02, 58, 44, 5);
insert into Products (id, name, labor_price, current_stock, production_time_hours, category_id) values (143, 'Vintage Fabric Dining Table', 444.97, 74, 10, 4);
insert into Products (id, name, labor_price, current_stock, production_time_hours, category_id) values (144, 'Urban Steel Nightstand', 415.17, 85, 20, 10);
insert into Products (id, name, labor_price, current_stock, production_time_hours, category_id) values (145, 'Minimalist Walnut Armchair', 111.57, 25, 9, 4);
insert into Products (id, name, labor_price, current_stock, production_time_hours, category_id) values (146, 'Mid-Century Fabric Wardrobe', 123.4, 40, 8, 2);
insert into Products (id, name, labor_price, current_stock, production_time_hours, category_id) values (147, 'Urban Mahogany Nightstand', 337.36, 58, 17, 7);
insert into Products (id, name, labor_price, current_stock, production_time_hours, category_id) values (148, 'Mid-Century Fabric Bookshelf', 229.92, 38, 38, 7);
insert into Products (id, name, labor_price, current_stock, production_time_hours, category_id) values (149, 'Rustic Oak Console Table', 467.9, 86, 5, 5);
insert into Products (id, name, labor_price, current_stock, production_time_hours, category_id) values (150, 'Vintage Glass Desk', 116.51, 43, 15, 5);
insert into Products (id, name, labor_price, current_stock, production_time_hours, category_id) values (151, 'Mid-Century Teak Bookshelf', 496.79, 92, 37, 1);
insert into Products (id, name, labor_price, current_stock, production_time_hours, category_id) values (152, 'Scandinavian Metal Sofa', 374.54, 93, 20, 1);
insert into Products (id, name, labor_price, current_stock, production_time_hours, category_id) values (153, 'Mid-Century Pine Wardrobe', 102.06, 68, 31, 8);
insert into Products (id, name, labor_price, current_stock, production_time_hours, category_id) values (154, 'Industrial Metal Bed', 305.95, 77, 48, 6);
insert into Products (id, name, labor_price, current_stock, production_time_hours, category_id) values (155, 'Luxury Walnut Coffee Table', 459.75, 92, 8, 10);
insert into Products (id, name, labor_price, current_stock, production_time_hours, category_id) values (156, 'Vintage Pine Desk', 130.49, 84, 48, 10);
insert into Products (id, name, labor_price, current_stock, production_time_hours, category_id) values (157, 'Minimalist Glass Armchair', 409.28, 68, 9, 9);
insert into Products (id, name, labor_price, current_stock, production_time_hours, category_id) values (158, 'Nordic Rattan Bookshelf', 260.26, 79, 8, 9);
insert into Products (id, name, labor_price, current_stock, production_time_hours, category_id) values (159, 'Alpine Brass Bench', 201.43, 56, 39, 9);
insert into Products (id, name, labor_price, current_stock, production_time_hours, category_id) values (160, 'Industrial Leather Bed', 225.45, 33, 16, 9);
insert into Products (id, name, labor_price, current_stock, production_time_hours, category_id) values (161, 'Coastal Pine Dresser', 123.75, 99, 41, 6);
insert into Products (id, name, labor_price, current_stock, production_time_hours, category_id) values (162, 'Alpine Marble Bench', 185.27, 86, 31, 5);
insert into Products (id, name, labor_price, current_stock, production_time_hours, category_id) values (163, 'Luxury Pine Coffee Table', 452.86, 50, 7, 10);
insert into Products (id, name, labor_price, current_stock, production_time_hours, category_id) values (164, 'Urban Rattan Nightstand', 150.14, 46, 23, 10);
insert into Products (id, name, labor_price, current_stock, production_time_hours, category_id) values (165, 'Mid-Century Fabric Wardrobe', 466.56, 1, 4, 1);
insert into Products (id, name, labor_price, current_stock, production_time_hours, category_id) values (166, 'Coastal Pine Dresser', 283.21, 58, 17, 8);
insert into Products (id, name, labor_price, current_stock, production_time_hours, category_id) values (167, 'Modern Oak TV Stand', 432.46, 28, 20, 1);
insert into Products (id, name, labor_price, current_stock, production_time_hours, category_id) values (168, 'Minimalist Pine Armchair', 427.72, 31, 5, 9);
insert into Products (id, name, labor_price, current_stock, production_time_hours, category_id) values (169, 'Mid-Century Fabric Bookshelf', 482.09, 68, 33, 2);
insert into Products (id, name, labor_price, current_stock, production_time_hours, category_id) values (170, 'Vintage Teak Dining Table', 306.62, 37, 28, 6);
insert into Products (id, name, labor_price, current_stock, production_time_hours, category_id) values (171, 'Nordic Mahogany Sideboard', 287.37, 48, 29, 6);
insert into Products (id, name, labor_price, current_stock, production_time_hours, category_id) values (172, 'Urban Steel Ottoman', 198.79, 27, 45, 6);
insert into Products (id, name, labor_price, current_stock, production_time_hours, category_id) values (173, 'Scandinavian Metal Sofa', 368.22, 14, 11, 5);
insert into Products (id, name, labor_price, current_stock, production_time_hours, category_id) values (174, 'Urban Steel Nightstand', 271.09, 14, 48, 4);
insert into Products (id, name, labor_price, current_stock, production_time_hours, category_id) values (175, 'Alpine Marble Bench', 445.76, 21, 24, 5);
insert into Products (id, name, labor_price, current_stock, production_time_hours, category_id) values (176, 'Minimalist Pine Armchair', 232.09, 90, 9, 2);
insert into Products (id, name, labor_price, current_stock, production_time_hours, category_id) values (177, 'Coastal Marble Dresser', 147.64, 45, 12, 4);
insert into Products (id, name, labor_price, current_stock, production_time_hours, category_id) values (178, 'Heritage Brass Ottoman', 341.28, 61, 32, 8);
insert into Products (id, name, labor_price, current_stock, production_time_hours, category_id) values (179, 'Loft Rattan Sideboard', 306.65, 93, 16, 3);
insert into Products (id, name, labor_price, current_stock, production_time_hours, category_id) values (180, 'Industrial Leather Bed', 383.73, 0, 21, 1);
insert into Products (id, name, labor_price, current_stock, production_time_hours, category_id) values (181, 'Vintage Fabric Dining Table', 495.69, 68, 20, 5);
insert into Products (id, name, labor_price, current_stock, production_time_hours, category_id) values (182, 'Rustic Velvet Bed', 454.02, 57, 14, 6);
insert into Products (id, name, labor_price, current_stock, production_time_hours, category_id) values (183, 'Vintage Teak Dining Table', 171.2, 2, 25, 2);
insert into Products (id, name, labor_price, current_stock, production_time_hours, category_id) values (184, 'Modern Oak TV Stand', 259.22, 67, 20, 6);
insert into Products (id, name, labor_price, current_stock, production_time_hours, category_id) values (185, 'Alpine Pine Bench', 330.58, 26, 25, 4);
insert into Products (id, name, labor_price, current_stock, production_time_hours, category_id) values (186, 'Heritage Marble Ottoman', 315.23, 74, 25, 3);
insert into Products (id, name, labor_price, current_stock, production_time_hours, category_id) values (187, 'Loft Steel Bench', 393.43, 12, 26, 1);
insert into Products (id, name, labor_price, current_stock, production_time_hours, category_id) values (188, 'Alpine Pine Bench', 296.54, 11, 17, 1);
insert into Products (id, name, labor_price, current_stock, production_time_hours, category_id) values (189, 'Rustic Leather Console Table', 251.96, 22, 20, 10);
insert into Products (id, name, labor_price, current_stock, production_time_hours, category_id) values (190, 'Coastal Marble Dresser', 259.5, 90, 31, 9);
insert into Products (id, name, labor_price, current_stock, production_time_hours, category_id) values (191, 'Mid-Century Pine Wardrobe', 89.99, 20, 35, 2);
insert into Products (id, name, labor_price, current_stock, production_time_hours, category_id) values (192, 'Modern Marble Sofa', 246.73, 76, 10, 1);
insert into Products (id, name, labor_price, current_stock, production_time_hours, category_id) values (193, 'Alpine Marble Bench', 427.03, 24, 2, 1);
insert into Products (id, name, labor_price, current_stock, production_time_hours, category_id) values (194, 'Industrial Leather Coffee Table', 497.04, 38, 48, 4);
insert into Products (id, name, labor_price, current_stock, production_time_hours, category_id) values (195, 'Mid-Century Teak Wardrobe', 388.69, 91, 25, 2);
insert into Products (id, name, labor_price, current_stock, production_time_hours, category_id) values (196, 'Heritage Marble Ottoman', 460.52, 51, 47, 10);
insert into Products (id, name, labor_price, current_stock, production_time_hours, category_id) values (197, 'Alpine Pine Bench', 257.83, 21, 31, 6);
insert into Products (id, name, labor_price, current_stock, production_time_hours, category_id) values (198, 'Scandinavian Oak Armchair', 432.24, 18, 16, 4);
insert into Products (id, name, labor_price, current_stock, production_time_hours, category_id) values (199, 'Mid-Century Teak Bookshelf', 335.51, 23, 27, 6);
insert into Products (id, name, labor_price, current_stock, production_time_hours, category_id) values (200, 'Minimalist Walnut Armchair', 298.48, 70, 2, 8);

--Parts 
insert into Parts (id, supplier_id, part_name, unit_price) values (1, 30, 'Solid Oak Board 2m', 46);
insert into Parts (id, supplier_id, part_name, unit_price) values (2, 18, 'Solid Pine Plank 2m', 100);
insert into Parts (id, supplier_id, part_name, unit_price) values (3, 13, 'Plywood Sheet 12mm', 16);
insert into Parts (id, supplier_id, part_name, unit_price) values (4, 22, 'MDF Panel 18mm', 68);
insert into Parts (id, supplier_id, part_name, unit_price) values (5, 24, 'Walnut Veneer Strip', 50);
insert into Parts (id, supplier_id, part_name, unit_price) values (6, 5, 'M6 Steel Bolt', 40);
insert into Parts (id, supplier_id, part_name, unit_price) values (7, 14, 'M8 Steel Bolt', 71);
insert into Parts (id, supplier_id, part_name, unit_price) values (8, 30, 'Wood Screw 30mm', 100);
insert into Parts (id, supplier_id, part_name, unit_price) values (9, 28, 'Wood Screw 50mm', 14);
insert into Parts (id, supplier_id, part_name, unit_price) values (10, 22, 'Wooden Dowel 8mm', 7);
insert into Parts (id, supplier_id, part_name, unit_price) values (11, 30, 'Wooden Dowel 10mm', 9);
insert into Parts (id, supplier_id, part_name, unit_price) values (12, 23, 'Cam Lock Nut', 26);
insert into Parts (id, supplier_id, part_name, unit_price) values (13, 9, 'Connecting Bolt', 67);
insert into Parts (id, supplier_id, part_name, unit_price) values (14, 24, 'Soft-Close Hinge', 68);
insert into Parts (id, supplier_id, part_name, unit_price) values (15, 4, 'Standard Door Hinge', 78);
insert into Parts (id, supplier_id, part_name, unit_price) values (16, 22, 'Magnetic Cabinet Catch', 5);
insert into Parts (id, supplier_id, part_name, unit_price) values (17, 13, 'Ball Bearing Drawer Slide 40cm', 88);
insert into Parts (id, supplier_id, part_name, unit_price) values (18, 16, 'Drawer Rail 50cm', 10);
insert into Parts (id, supplier_id, part_name, unit_price) values (19, 19, 'Metal Corner Bracket', 98);
insert into Parts (id, supplier_id, part_name, unit_price) values (20, 6, 'Shelf Support Peg', 56);
insert into Parts (id, supplier_id, part_name, unit_price) values (21, 2, 'Brushed Steel Handle', 31);
insert into Parts (id, supplier_id, part_name, unit_price) values (22, 28, 'Matte Black Cabinet Knob', 51);
insert into Parts (id, supplier_id, part_name, unit_price) values (23, 12, 'Antique Brass Pull', 96);
insert into Parts (id, supplier_id, part_name, unit_price) values (24, 8, 'Solid Oak Tapered Leg', 38);
insert into Parts (id, supplier_id, part_name, unit_price) values (25, 30, 'Metal Hairpin Leg 45cm', 50);
insert into Parts (id, supplier_id, part_name, unit_price) values (26, 13, 'Plastic Floor Glide', 54);
insert into Parts (id, supplier_id, part_name, unit_price) values (27, 23, 'Caster Wheel M10', 83);
insert into Parts (id, supplier_id, part_name, unit_price) values (28, 18, 'High-Density Seat Foam', 98);
insert into Parts (id, supplier_id, part_name, unit_price) values (29, 11, 'Memory Foam Layer', 50);
insert into Parts (id, supplier_id, part_name, unit_price) values (30, 19, 'Polyester Upholstery Fabric', 75);
insert into Parts (id, supplier_id, part_name, unit_price) values (31, 19, 'Genuine Leather Swatch', 26);
insert into Parts (id, supplier_id, part_name, unit_price) values (32, 7, 'Velvet Fabric Navy', 95);
insert into Parts (id, supplier_id, part_name, unit_price) values (33, 30, 'Zig-Zag Sofa Spring', 11);
insert into Parts (id, supplier_id, part_name, unit_price) values (34, 28, 'Pocket Spring Unit', 65);
insert into Parts (id, supplier_id, part_name, unit_price) values (35, 2, 'Upholstery Staple', 82);
insert into Parts (id, supplier_id, part_name, unit_price) values (36, 21, 'Wood Glue 500ml', 95);
insert into Parts (id, supplier_id, part_name, unit_price) values (37, 22, 'Tempered Glass Top 60cm', 89);
insert into Parts (id, supplier_id, part_name, unit_price) values (38, 24, 'Mirror Panel 100x40', 23);
insert into Parts (id, supplier_id, part_name, unit_price) values (39, 20, 'Aluminum Door Frame', 91);
insert into Parts (id, supplier_id, part_name, unit_price) values (40, 29, 'L-Shaped Section', 64);
insert into Parts (id, supplier_id, part_name, unit_price) values (41, 6, 'Steel Crossbar', 94);
insert into Parts (id, supplier_id, part_name, unit_price) values (42, 19, 'Felt Furniture Pad', 26);
insert into Parts (id, supplier_id, part_name, unit_price) values (43, 11, 'Allen Key 4mm', 57);
insert into Parts (id, supplier_id, part_name, unit_price) values (44, 1, 'Allen Key 5mm', 2);
insert into Parts (id, supplier_id, part_name, unit_price) values (45, 27, 'Adjustable Leveling Foot', 16);
insert into Parts (id, supplier_id, part_name, unit_price) values (46, 11, 'Plastic Screw Cap', 19);
insert into Parts (id, supplier_id, part_name, unit_price) values (47, 5, 'Edge Banding Tape', 84);
insert into Parts (id, supplier_id, part_name, unit_price) values (48, 1, 'Woven Webbing Strap', 54);
insert into Parts (id, supplier_id, part_name, unit_price) values (49, 14, 'Backrest Support Rail', 67);
insert into Parts (id, supplier_id, part_name, unit_price) values (50, 3, 'Armchair Frame Link', 12);

-- Addresses
insert into Addresses (id, customer_id, address_line_1, address_line_2, city, state, postal_code, country) values (1, 15, '2 Meadow Valley Road', 'Apt 1225', 'Jurangjero', null, null, 'Indonesia');
insert into Addresses (id, customer_id, address_line_1, address_line_2, city, state, postal_code, country) values (2, 6, '414 Barby Street', 'Suite 77', 'Rennes', 'Bretagne', '35022 CEDEX 2', 'France');
insert into Addresses (id, customer_id, address_line_1, address_line_2, city, state, postal_code, country) values (3, 11, '8784 Bartelt Street', '2nd Floor', 'Jiaoqiao', null, null, 'China');
insert into Addresses (id, customer_id, address_line_1, address_line_2, city, state, postal_code, country) values (4, 2, '94 Corry Street', 'Suite 11', 'Baiquan', null, null, 'China');
insert into Addresses (id, customer_id, address_line_1, address_line_2, city, state, postal_code, country) values (5, 9, '979 Northland Junction', '13th Floor', 'Karlskoga', 'Örebro', '691 26', 'Sweden');
insert into Addresses (id, customer_id, address_line_1, address_line_2, city, state, postal_code, country) values (6, 1, '7 Butterfield Court', 'PO Box 78724', 'Trondheim', 'Sor-Trondelag', '7042', 'Norway');
insert into Addresses (id, customer_id, address_line_1, address_line_2, city, state, postal_code, country) values (7, 18, '907 Corscot Trail', 'Room 238', 'Shangdian', null, null, 'China');
insert into Addresses (id, customer_id, address_line_1, address_line_2, city, state, postal_code, country) values (8, 3, '80459 Pine View Lane', 'Room 1017', 'Kandy', null, '20000', 'Sri Lanka');
insert into Addresses (id, customer_id, address_line_1, address_line_2, city, state, postal_code, country) values (9, 12, '46 Moose Pass', 'PO Box 24447', 'Puutuga', null, null, 'Indonesia');
insert into Addresses (id, customer_id, address_line_1, address_line_2, city, state, postal_code, country) values (10, 15, '4 Shoshone Plaza', '16th Floor', 'Banān', null, null, 'Syria');
insert into Addresses (id, customer_id, address_line_1, address_line_2, city, state, postal_code, country) values (11, 15, '0478 Jenna Park', 'Suite 47', 'Nuštar', null, '32221', 'Croatia');
insert into Addresses (id, customer_id, address_line_1, address_line_2, city, state, postal_code, country) values (12, 4, '16 Warbler Plaza', 'Apt 1713', 'Fuzihe', null, null, 'China');
insert into Addresses (id, customer_id, address_line_1, address_line_2, city, state, postal_code, country) values (13, 17, '6504 Hagan Court', 'Apt 1505', 'Perelhal', 'Braga', '4750-624', 'Portugal');
insert into Addresses (id, customer_id, address_line_1, address_line_2, city, state, postal_code, country) values (14, 14, '82146 Fair Oaks Pass', 'Suite 84', 'Borogontsy', null, '678350', 'Russia');
insert into Addresses (id, customer_id, address_line_1, address_line_2, city, state, postal_code, country) values (15, 13, '768 Spohn Avenue', '15th Floor', 'Clermont-Ferrand', 'Auvergne', '63019 CEDEX 2', 'France');
insert into Addresses (id, customer_id, address_line_1, address_line_2, city, state, postal_code, country) values (16, 19, '33076 Loeprich Parkway', '6th Floor', 'Havtsal', null, null, 'Mongolia');
insert into Addresses (id, customer_id, address_line_1, address_line_2, city, state, postal_code, country) values (17, 1, '22155 Erie Place', 'PO Box 44111', 'Krajan Kerjo', null, null, 'Indonesia');
insert into Addresses (id, customer_id, address_line_1, address_line_2, city, state, postal_code, country) values (18, 11, '73 1st Street', 'Room 379', 'Dizhai', null, null, 'China');
insert into Addresses (id, customer_id, address_line_1, address_line_2, city, state, postal_code, country) values (19, 15, '9 Mallory Place', '14th Floor', 'La Soledad', 'Oaxaca', '68430', 'Mexico');
insert into Addresses (id, customer_id, address_line_1, address_line_2, city, state, postal_code, country) values (20, 20, '7 Hallows Drive', 'Apt 1004', 'Kołaczyce', null, '38-213', 'Poland');

-- ProductElements
insert into ProductElements (id, parts_id, product_id, quantity) values (1, 1, 189, 5);
insert into ProductElements (id, parts_id, product_id, quantity) values (2, 20, 151, 4);
insert into ProductElements (id, parts_id, product_id, quantity) values (3, 39, 42, 10);
insert into ProductElements (id, parts_id, product_id, quantity) values (4, 24, 54, 7);
insert into ProductElements (id, parts_id, product_id, quantity) values (5, 3, 153, 5);
insert into ProductElements (id, parts_id, product_id, quantity) values (6, 13, 71, 9);
insert into ProductElements (id, parts_id, product_id, quantity) values (7, 2, 28, 1);
insert into ProductElements (id, parts_id, product_id, quantity) values (8, 28, 170, 7);
insert into ProductElements (id, parts_id, product_id, quantity) values (9, 4, 39, 7);
insert into ProductElements (id, parts_id, product_id, quantity) values (10, 17, 22, 1);
insert into ProductElements (id, parts_id, product_id, quantity) values (11, 27, 10, 10);
insert into ProductElements (id, parts_id, product_id, quantity) values (12, 48, 150, 6);
insert into ProductElements (id, parts_id, product_id, quantity) values (13, 49, 58, 5);
insert into ProductElements (id, parts_id, product_id, quantity) values (14, 8, 176, 8);
insert into ProductElements (id, parts_id, product_id, quantity) values (15, 28, 136, 10);
insert into ProductElements (id, parts_id, product_id, quantity) values (16, 47, 54, 1);
insert into ProductElements (id, parts_id, product_id, quantity) values (17, 11, 170, 1);
insert into ProductElements (id, parts_id, product_id, quantity) values (18, 36, 38, 5);
insert into ProductElements (id, parts_id, product_id, quantity) values (19, 11, 143, 9);
insert into ProductElements (id, parts_id, product_id, quantity) values (20, 33, 49, 4);
insert into ProductElements (id, parts_id, product_id, quantity) values (21, 5, 176, 3);
insert into ProductElements (id, parts_id, product_id, quantity) values (22, 50, 88, 6);
insert into ProductElements (id, parts_id, product_id, quantity) values (23, 45, 181, 5);
insert into ProductElements (id, parts_id, product_id, quantity) values (24, 43, 45, 5);
insert into ProductElements (id, parts_id, product_id, quantity) values (25, 32, 85, 5);
insert into ProductElements (id, parts_id, product_id, quantity) values (26, 48, 31, 3);
insert into ProductElements (id, parts_id, product_id, quantity) values (27, 23, 81, 6);
insert into ProductElements (id, parts_id, product_id, quantity) values (28, 39, 58, 1);
insert into ProductElements (id, parts_id, product_id, quantity) values (29, 44, 155, 7);
insert into ProductElements (id, parts_id, product_id, quantity) values (30, 18, 82, 2);
insert into ProductElements (id, parts_id, product_id, quantity) values (31, 49, 161, 5);
insert into ProductElements (id, parts_id, product_id, quantity) values (32, 39, 113, 3);
insert into ProductElements (id, parts_id, product_id, quantity) values (33, 41, 144, 2);
insert into ProductElements (id, parts_id, product_id, quantity) values (34, 39, 79, 2);
insert into ProductElements (id, parts_id, product_id, quantity) values (35, 23, 75, 2);
insert into ProductElements (id, parts_id, product_id, quantity) values (36, 14, 135, 5);
insert into ProductElements (id, parts_id, product_id, quantity) values (37, 18, 181, 3);
insert into ProductElements (id, parts_id, product_id, quantity) values (38, 14, 56, 10);
insert into ProductElements (id, parts_id, product_id, quantity) values (39, 36, 155, 4);
insert into ProductElements (id, parts_id, product_id, quantity) values (40, 2, 4, 5);
insert into ProductElements (id, parts_id, product_id, quantity) values (41, 8, 86, 6);
insert into ProductElements (id, parts_id, product_id, quantity) values (42, 24, 74, 1);
insert into ProductElements (id, parts_id, product_id, quantity) values (43, 48, 120, 7);
insert into ProductElements (id, parts_id, product_id, quantity) values (44, 46, 130, 10);
insert into ProductElements (id, parts_id, product_id, quantity) values (45, 1, 76, 4);
insert into ProductElements (id, parts_id, product_id, quantity) values (46, 12, 90, 4);
insert into ProductElements (id, parts_id, product_id, quantity) values (47, 10, 27, 8);
insert into ProductElements (id, parts_id, product_id, quantity) values (48, 19, 172, 8);
insert into ProductElements (id, parts_id, product_id, quantity) values (49, 6, 170, 4);
insert into ProductElements (id, parts_id, product_id, quantity) values (50, 8, 145, 7);
insert into ProductElements (id, parts_id, product_id, quantity) values (51, 25, 52, 6);
insert into ProductElements (id, parts_id, product_id, quantity) values (52, 23, 147, 6);
insert into ProductElements (id, parts_id, product_id, quantity) values (53, 10, 128, 6);
insert into ProductElements (id, parts_id, product_id, quantity) values (54, 1, 147, 6);
insert into ProductElements (id, parts_id, product_id, quantity) values (55, 24, 155, 5);
insert into ProductElements (id, parts_id, product_id, quantity) values (56, 48, 153, 2);
insert into ProductElements (id, parts_id, product_id, quantity) values (57, 6, 165, 8);
insert into ProductElements (id, parts_id, product_id, quantity) values (58, 5, 153, 6);
insert into ProductElements (id, parts_id, product_id, quantity) values (59, 39, 149, 6);
insert into ProductElements (id, parts_id, product_id, quantity) values (60, 14, 80, 10);
insert into ProductElements (id, parts_id, product_id, quantity) values (61, 16, 128, 9);
insert into ProductElements (id, parts_id, product_id, quantity) values (62, 2, 108, 4);
insert into ProductElements (id, parts_id, product_id, quantity) values (63, 45, 156, 2);
insert into ProductElements (id, parts_id, product_id, quantity) values (64, 8, 159, 8);
insert into ProductElements (id, parts_id, product_id, quantity) values (65, 10, 41, 1);
insert into ProductElements (id, parts_id, product_id, quantity) values (66, 12, 122, 3);
insert into ProductElements (id, parts_id, product_id, quantity) values (67, 37, 73, 5);
insert into ProductElements (id, parts_id, product_id, quantity) values (68, 38, 90, 9);
insert into ProductElements (id, parts_id, product_id, quantity) values (69, 4, 164, 8);
insert into ProductElements (id, parts_id, product_id, quantity) values (70, 50, 29, 10);
insert into ProductElements (id, parts_id, product_id, quantity) values (71, 8, 114, 1);
insert into ProductElements (id, parts_id, product_id, quantity) values (72, 50, 142, 1);
insert into ProductElements (id, parts_id, product_id, quantity) values (73, 15, 10, 6);
insert into ProductElements (id, parts_id, product_id, quantity) values (74, 50, 79, 6);
insert into ProductElements (id, parts_id, product_id, quantity) values (75, 38, 160, 1);
insert into ProductElements (id, parts_id, product_id, quantity) values (76, 36, 18, 9);
insert into ProductElements (id, parts_id, product_id, quantity) values (77, 27, 188, 5);
insert into ProductElements (id, parts_id, product_id, quantity) values (78, 38, 195, 2);
insert into ProductElements (id, parts_id, product_id, quantity) values (79, 30, 186, 1);
insert into ProductElements (id, parts_id, product_id, quantity) values (80, 47, 29, 1);
insert into ProductElements (id, parts_id, product_id, quantity) values (81, 6, 117, 8);
insert into ProductElements (id, parts_id, product_id, quantity) values (82, 49, 156, 8);
insert into ProductElements (id, parts_id, product_id, quantity) values (83, 3, 13, 9);
insert into ProductElements (id, parts_id, product_id, quantity) values (84, 9, 160, 2);
insert into ProductElements (id, parts_id, product_id, quantity) values (85, 2, 57, 8);
insert into ProductElements (id, parts_id, product_id, quantity) values (86, 34, 178, 9);
insert into ProductElements (id, parts_id, product_id, quantity) values (87, 19, 126, 2);
insert into ProductElements (id, parts_id, product_id, quantity) values (88, 36, 98, 7);
insert into ProductElements (id, parts_id, product_id, quantity) values (89, 18, 178, 3);
insert into ProductElements (id, parts_id, product_id, quantity) values (90, 35, 61, 2);
insert into ProductElements (id, parts_id, product_id, quantity) values (91, 14, 51, 4);
insert into ProductElements (id, parts_id, product_id, quantity) values (92, 13, 89, 7);
insert into ProductElements (id, parts_id, product_id, quantity) values (93, 5, 16, 2);
insert into ProductElements (id, parts_id, product_id, quantity) values (94, 34, 120, 2);
insert into ProductElements (id, parts_id, product_id, quantity) values (95, 29, 118, 7);
insert into ProductElements (id, parts_id, product_id, quantity) values (96, 25, 58, 6);
insert into ProductElements (id, parts_id, product_id, quantity) values (97, 39, 84, 2);
insert into ProductElements (id, parts_id, product_id, quantity) values (98, 42, 25, 8);
insert into ProductElements (id, parts_id, product_id, quantity) values (99, 43, 40, 8);
insert into ProductElements (id, parts_id, product_id, quantity) values (100, 37, 54, 9);
insert into ProductElements (id, parts_id, product_id, quantity) values (101, 10, 173, 8);
insert into ProductElements (id, parts_id, product_id, quantity) values (102, 29, 6, 5);
insert into ProductElements (id, parts_id, product_id, quantity) values (103, 6, 92, 10);
insert into ProductElements (id, parts_id, product_id, quantity) values (104, 11, 196, 6);
insert into ProductElements (id, parts_id, product_id, quantity) values (105, 20, 161, 10);
insert into ProductElements (id, parts_id, product_id, quantity) values (106, 7, 124, 7);
insert into ProductElements (id, parts_id, product_id, quantity) values (107, 33, 121, 1);
insert into ProductElements (id, parts_id, product_id, quantity) values (108, 13, 53, 1);
insert into ProductElements (id, parts_id, product_id, quantity) values (109, 18, 139, 3);
insert into ProductElements (id, parts_id, product_id, quantity) values (110, 7, 138, 10);
insert into ProductElements (id, parts_id, product_id, quantity) values (111, 30, 55, 10);
insert into ProductElements (id, parts_id, product_id, quantity) values (112, 30, 190, 6);
insert into ProductElements (id, parts_id, product_id, quantity) values (113, 47, 46, 10);
insert into ProductElements (id, parts_id, product_id, quantity) values (114, 20, 35, 6);
insert into ProductElements (id, parts_id, product_id, quantity) values (115, 23, 91, 2);
insert into ProductElements (id, parts_id, product_id, quantity) values (116, 10, 11, 4);
insert into ProductElements (id, parts_id, product_id, quantity) values (117, 1, 194, 1);
insert into ProductElements (id, parts_id, product_id, quantity) values (118, 33, 192, 1);
insert into ProductElements (id, parts_id, product_id, quantity) values (119, 47, 170, 8);
insert into ProductElements (id, parts_id, product_id, quantity) values (120, 9, 69, 2);
insert into ProductElements (id, parts_id, product_id, quantity) values (121, 38, 172, 7);
insert into ProductElements (id, parts_id, product_id, quantity) values (122, 23, 70, 7);
insert into ProductElements (id, parts_id, product_id, quantity) values (123, 39, 73, 1);
insert into ProductElements (id, parts_id, product_id, quantity) values (124, 43, 98, 7);
insert into ProductElements (id, parts_id, product_id, quantity) values (125, 1, 16, 6);
insert into ProductElements (id, parts_id, product_id, quantity) values (126, 34, 52, 2);
insert into ProductElements (id, parts_id, product_id, quantity) values (127, 3, 123, 3);
insert into ProductElements (id, parts_id, product_id, quantity) values (128, 12, 130, 9);
insert into ProductElements (id, parts_id, product_id, quantity) values (129, 5, 100, 2);
insert into ProductElements (id, parts_id, product_id, quantity) values (130, 24, 179, 4);
insert into ProductElements (id, parts_id, product_id, quantity) values (131, 50, 27, 4);
insert into ProductElements (id, parts_id, product_id, quantity) values (132, 33, 152, 7);
insert into ProductElements (id, parts_id, product_id, quantity) values (133, 28, 179, 6);
insert into ProductElements (id, parts_id, product_id, quantity) values (134, 40, 143, 1);
insert into ProductElements (id, parts_id, product_id, quantity) values (135, 43, 71, 4);
insert into ProductElements (id, parts_id, product_id, quantity) values (136, 8, 52, 7);
insert into ProductElements (id, parts_id, product_id, quantity) values (137, 46, 1, 6);
insert into ProductElements (id, parts_id, product_id, quantity) values (138, 4, 148, 8);
insert into ProductElements (id, parts_id, product_id, quantity) values (139, 47, 13, 10);
insert into ProductElements (id, parts_id, product_id, quantity) values (140, 14, 7, 9);
insert into ProductElements (id, parts_id, product_id, quantity) values (141, 17, 3, 1);
insert into ProductElements (id, parts_id, product_id, quantity) values (142, 6, 72, 8);
insert into ProductElements (id, parts_id, product_id, quantity) values (143, 22, 171, 10);
insert into ProductElements (id, parts_id, product_id, quantity) values (144, 42, 175, 1);
insert into ProductElements (id, parts_id, product_id, quantity) values (145, 9, 71, 3);
insert into ProductElements (id, parts_id, product_id, quantity) values (146, 48, 187, 6);
insert into ProductElements (id, parts_id, product_id, quantity) values (147, 24, 65, 4);
insert into ProductElements (id, parts_id, product_id, quantity) values (148, 4, 166, 10);
insert into ProductElements (id, parts_id, product_id, quantity) values (149, 9, 90, 1);
insert into ProductElements (id, parts_id, product_id, quantity) values (150, 35, 77, 8);
insert into ProductElements (id, parts_id, product_id, quantity) values (151, 46, 85, 7);
insert into ProductElements (id, parts_id, product_id, quantity) values (152, 3, 116, 3);
insert into ProductElements (id, parts_id, product_id, quantity) values (153, 46, 61, 5);
insert into ProductElements (id, parts_id, product_id, quantity) values (154, 5, 17, 5);
insert into ProductElements (id, parts_id, product_id, quantity) values (155, 37, 129, 6);
insert into ProductElements (id, parts_id, product_id, quantity) values (156, 41, 138, 8);
insert into ProductElements (id, parts_id, product_id, quantity) values (157, 48, 145, 9);
insert into ProductElements (id, parts_id, product_id, quantity) values (158, 40, 1, 7);
insert into ProductElements (id, parts_id, product_id, quantity) values (159, 36, 198, 8);
insert into ProductElements (id, parts_id, product_id, quantity) values (160, 21, 131, 7);
insert into ProductElements (id, parts_id, product_id, quantity) values (161, 20, 133, 2);
insert into ProductElements (id, parts_id, product_id, quantity) values (162, 37, 189, 8);
insert into ProductElements (id, parts_id, product_id, quantity) values (163, 15, 113, 3);
insert into ProductElements (id, parts_id, product_id, quantity) values (164, 28, 186, 4);
insert into ProductElements (id, parts_id, product_id, quantity) values (165, 26, 160, 4);
insert into ProductElements (id, parts_id, product_id, quantity) values (166, 44, 40, 3);
insert into ProductElements (id, parts_id, product_id, quantity) values (167, 8, 190, 5);
insert into ProductElements (id, parts_id, product_id, quantity) values (168, 46, 12, 5);
insert into ProductElements (id, parts_id, product_id, quantity) values (169, 13, 175, 9);
insert into ProductElements (id, parts_id, product_id, quantity) values (170, 19, 190, 7);
insert into ProductElements (id, parts_id, product_id, quantity) values (171, 42, 159, 1);
insert into ProductElements (id, parts_id, product_id, quantity) values (172, 15, 2, 3);
insert into ProductElements (id, parts_id, product_id, quantity) values (173, 44, 51, 7);
insert into ProductElements (id, parts_id, product_id, quantity) values (174, 48, 24, 5);
insert into ProductElements (id, parts_id, product_id, quantity) values (175, 50, 50, 7);
insert into ProductElements (id, parts_id, product_id, quantity) values (176, 17, 116, 7);
insert into ProductElements (id, parts_id, product_id, quantity) values (177, 3, 169, 2);
insert into ProductElements (id, parts_id, product_id, quantity) values (178, 45, 152, 8);
insert into ProductElements (id, parts_id, product_id, quantity) values (179, 14, 167, 3);
insert into ProductElements (id, parts_id, product_id, quantity) values (180, 1, 62, 6);
insert into ProductElements (id, parts_id, product_id, quantity) values (181, 3, 122, 1);
insert into ProductElements (id, parts_id, product_id, quantity) values (182, 10, 162, 1);
insert into ProductElements (id, parts_id, product_id, quantity) values (183, 11, 135, 5);
insert into ProductElements (id, parts_id, product_id, quantity) values (184, 41, 103, 6);
insert into ProductElements (id, parts_id, product_id, quantity) values (185, 34, 162, 5);
insert into ProductElements (id, parts_id, product_id, quantity) values (186, 48, 92, 1);
insert into ProductElements (id, parts_id, product_id, quantity) values (187, 43, 15, 7);
insert into ProductElements (id, parts_id, product_id, quantity) values (188, 23, 86, 8);
insert into ProductElements (id, parts_id, product_id, quantity) values (189, 41, 192, 10);
insert into ProductElements (id, parts_id, product_id, quantity) values (190, 17, 185, 10);
insert into ProductElements (id, parts_id, product_id, quantity) values (191, 31, 135, 2);
insert into ProductElements (id, parts_id, product_id, quantity) values (192, 12, 96, 8);
insert into ProductElements (id, parts_id, product_id, quantity) values (193, 6, 98, 10);
insert into ProductElements (id, parts_id, product_id, quantity) values (194, 35, 58, 6);
insert into ProductElements (id, parts_id, product_id, quantity) values (195, 11, 196, 2);
insert into ProductElements (id, parts_id, product_id, quantity) values (196, 15, 99, 6);
insert into ProductElements (id, parts_id, product_id, quantity) values (197, 23, 197, 4);
insert into ProductElements (id, parts_id, product_id, quantity) values (198, 41, 140, 2);
insert into ProductElements (id, parts_id, product_id, quantity) values (199, 9, 137, 10);
insert into ProductElements (id, parts_id, product_id, quantity) values (200, 23, 104, 8);

-- Orders
insert into Orders (id, order_date, customer_id) values (1, '10/26/2025', 3);
insert into Orders (id, order_date, customer_id) values (2, '4/24/2025', 14);
insert into Orders (id, order_date, customer_id) values (3, '6/11/2025', 18);
insert into Orders (id, order_date, customer_id) values (4, '2/9/2025', 5);
insert into Orders (id, order_date, customer_id) values (5, '8/29/2025', 9);
insert into Orders (id, order_date, customer_id) values (6, '10/31/2025', 10);
insert into Orders (id, order_date, customer_id) values (7, '2/1/2025', 14);
insert into Orders (id, order_date, customer_id) values (8, '11/6/2025', 16);
insert into Orders (id, order_date, customer_id) values (9, '8/14/2025', 10);
insert into Orders (id, order_date, customer_id) values (10, '7/17/2025', 6);
insert into Orders (id, order_date, customer_id) values (11, '8/22/2025', 6);
insert into Orders (id, order_date, customer_id) values (12, '3/6/2025', 1);
insert into Orders (id, order_date, customer_id) values (13, '10/3/2025', 10);
insert into Orders (id, order_date, customer_id) values (14, '9/19/2025', 12);
insert into Orders (id, order_date, customer_id) values (15, '5/13/2025', 1);
insert into Orders (id, order_date, customer_id) values (16, '9/8/2025', 16);
insert into Orders (id, order_date, customer_id) values (17, '8/31/2025', 14);
insert into Orders (id, order_date, customer_id) values (18, '4/13/2025', 4);
insert into Orders (id, order_date, customer_id) values (19, '5/6/2025', 5);
insert into Orders (id, order_date, customer_id) values (20, '8/12/2025', 20);
insert into Orders (id, order_date, customer_id) values (21, '8/10/2025', 11);
insert into Orders (id, order_date, customer_id) values (22, '6/5/2025', 9);
insert into Orders (id, order_date, customer_id) values (23, '11/25/2025', 13);
insert into Orders (id, order_date, customer_id) values (24, '10/1/2025', 15);
insert into Orders (id, order_date, customer_id) values (25, '7/24/2025', 17);
insert into Orders (id, order_date, customer_id) values (26, '5/2/2025', 15);
insert into Orders (id, order_date, customer_id) values (27, '12/4/2025', 3);
insert into Orders (id, order_date, customer_id) values (28, '12/23/2025', 11);
insert into Orders (id, order_date, customer_id) values (29, '9/5/2025', 4);
insert into Orders (id, order_date, customer_id) values (30, '11/19/2025', 6);
insert into Orders (id, order_date, customer_id) values (31, '3/11/2025', 7);
insert into Orders (id, order_date, customer_id) values (32, '9/13/2025', 9);
insert into Orders (id, order_date, customer_id) values (33, '9/16/2025', 2);
insert into Orders (id, order_date, customer_id) values (34, '10/16/2025', 15);
insert into Orders (id, order_date, customer_id) values (35, '3/1/2025', 8);
insert into Orders (id, order_date, customer_id) values (36, '8/27/2025', 1);
insert into Orders (id, order_date, customer_id) values (37, '5/30/2025', 12);
insert into Orders (id, order_date, customer_id) values (38, '9/24/2025', 12);
insert into Orders (id, order_date, customer_id) values (39, '7/5/2025', 14);
insert into Orders (id, order_date, customer_id) values (40, '9/29/2025', 5);
insert into Orders (id, order_date, customer_id) values (41, '6/23/2025', 1);
insert into Orders (id, order_date, customer_id) values (42, '2/9/2025', 15);
insert into Orders (id, order_date, customer_id) values (43, '10/25/2025', 17);
insert into Orders (id, order_date, customer_id) values (44, '5/15/2025', 4);
insert into Orders (id, order_date, customer_id) values (45, '11/7/2025', 11);
insert into Orders (id, order_date, customer_id) values (46, '3/31/2025', 14);
insert into Orders (id, order_date, customer_id) values (47, '1/26/2025', 17);
insert into Orders (id, order_date, customer_id) values (48, '10/23/2025', 3);
insert into Orders (id, order_date, customer_id) values (49, '6/23/2025', 18);
insert into Orders (id, order_date, customer_id) values (50, '10/10/2025', 6);
insert into Orders (id, order_date, customer_id) values (51, '10/27/2025', 9);
insert into Orders (id, order_date, customer_id) values (52, '3/7/2025', 16);
insert into Orders (id, order_date, customer_id) values (53, '12/6/2025', 8);
insert into Orders (id, order_date, customer_id) values (54, '3/25/2025', 8);
insert into Orders (id, order_date, customer_id) values (55, '3/7/2025', 16);
insert into Orders (id, order_date, customer_id) values (56, '5/28/2025', 15);
insert into Orders (id, order_date, customer_id) values (57, '10/23/2025', 5);
insert into Orders (id, order_date, customer_id) values (58, '11/9/2025', 9);
insert into Orders (id, order_date, customer_id) values (59, '7/9/2025', 14);
insert into Orders (id, order_date, customer_id) values (60, '4/14/2025', 10);
insert into Orders (id, order_date, customer_id) values (61, '7/22/2025', 4);
insert into Orders (id, order_date, customer_id) values (62, '12/25/2025', 2);
insert into Orders (id, order_date, customer_id) values (63, '7/7/2025', 2);
insert into Orders (id, order_date, customer_id) values (64, '4/14/2025', 13);
insert into Orders (id, order_date, customer_id) values (65, '1/1/2025', 17);
insert into Orders (id, order_date, customer_id) values (66, '2/22/2025', 12);
insert into Orders (id, order_date, customer_id) values (67, '4/7/2025', 20);
insert into Orders (id, order_date, customer_id) values (68, '4/20/2025', 10);
insert into Orders (id, order_date, customer_id) values (69, '2/6/2025', 1);
insert into Orders (id, order_date, customer_id) values (70, '2/14/2025', 8);
insert into Orders (id, order_date, customer_id) values (71, '10/31/2025', 4);
insert into Orders (id, order_date, customer_id) values (72, '8/30/2025', 18);
insert into Orders (id, order_date, customer_id) values (73, '6/12/2025', 9);
insert into Orders (id, order_date, customer_id) values (74, '1/1/2025', 16);
insert into Orders (id, order_date, customer_id) values (75, '5/11/2025', 1);
insert into Orders (id, order_date, customer_id) values (76, '9/26/2025', 18);
insert into Orders (id, order_date, customer_id) values (77, '10/11/2025', 13);
insert into Orders (id, order_date, customer_id) values (78, '4/28/2025', 7);
insert into Orders (id, order_date, customer_id) values (79, '11/5/2025', 1);
insert into Orders (id, order_date, customer_id) values (80, '9/5/2025', 1);
insert into Orders (id, order_date, customer_id) values (81, '3/5/2025', 16);
insert into Orders (id, order_date, customer_id) values (82, '10/13/2025', 18);
insert into Orders (id, order_date, customer_id) values (83, '12/23/2025', 19);
insert into Orders (id, order_date, customer_id) values (84, '5/6/2025', 4);
insert into Orders (id, order_date, customer_id) values (85, '2/11/2025', 15);
insert into Orders (id, order_date, customer_id) values (86, '1/20/2025', 2);
insert into Orders (id, order_date, customer_id) values (87, '5/12/2025', 2);
insert into Orders (id, order_date, customer_id) values (88, '7/23/2025', 5);
insert into Orders (id, order_date, customer_id) values (89, '8/21/2025', 7);
insert into Orders (id, order_date, customer_id) values (90, '10/22/2025', 1);
insert into Orders (id, order_date, customer_id) values (91, '3/26/2025', 6);
insert into Orders (id, order_date, customer_id) values (92, '3/2/2025', 18);
insert into Orders (id, order_date, customer_id) values (93, '5/2/2025', 18);
insert into Orders (id, order_date, customer_id) values (94, '8/5/2025', 1);
insert into Orders (id, order_date, customer_id) values (95, '3/1/2025', 13);
insert into Orders (id, order_date, customer_id) values (96, '6/24/2025', 7);
insert into Orders (id, order_date, customer_id) values (97, '11/25/2025', 1);
insert into Orders (id, order_date, customer_id) values (98, '2/25/2025', 9);
insert into Orders (id, order_date, customer_id) values (99, '5/31/2025', 11);
insert into Orders (id, order_date, customer_id) values (100, '8/9/2025', 8);

-- CompanyOrders
insert into CompanyOrders (id, product_id, quantity, order_date) values (1, 30, 15, '8/1/2025');
insert into CompanyOrders (id, product_id, quantity, order_date) values (2, 42, 72, '2/27/2025');
insert into CompanyOrders (id, product_id, quantity, order_date) values (3, 30, 47, '7/5/2025');
insert into CompanyOrders (id, product_id, quantity, order_date) values (4, 131, 46, '3/28/2025');
insert into CompanyOrders (id, product_id, quantity, order_date) values (5, 48, 30, '8/20/2025');
insert into CompanyOrders (id, product_id, quantity, order_date) values (6, 177, 87, '11/11/2025');
insert into CompanyOrders (id, product_id, quantity, order_date) values (7, 41, 42, '1/13/2025');
insert into CompanyOrders (id, product_id, quantity, order_date) values (8, 185, 35, '4/23/2025');
insert into CompanyOrders (id, product_id, quantity, order_date) values (9, 38, 13, '3/30/2025');
insert into CompanyOrders (id, product_id, quantity, order_date) values (10, 1, 74, '12/20/2025');
insert into CompanyOrders (id, product_id, quantity, order_date) values (11, 163, 33, '8/6/2025');
insert into CompanyOrders (id, product_id, quantity, order_date) values (12, 33, 88, '10/26/2025');
insert into CompanyOrders (id, product_id, quantity, order_date) values (13, 183, 66, '11/24/2025');
insert into CompanyOrders (id, product_id, quantity, order_date) values (14, 92, 78, '10/14/2025');
insert into CompanyOrders (id, product_id, quantity, order_date) values (15, 94, 43, '2/21/2025');
insert into CompanyOrders (id, product_id, quantity, order_date) values (16, 136, 12, '10/26/2025');
insert into CompanyOrders (id, product_id, quantity, order_date) values (17, 66, 87, '7/2/2025');
insert into CompanyOrders (id, product_id, quantity, order_date) values (18, 72, 45, '2/2/2025');
insert into CompanyOrders (id, product_id, quantity, order_date) values (19, 106, 79, '8/1/2025');
insert into CompanyOrders (id, product_id, quantity, order_date) values (20, 55, 42, '1/21/2025');
insert into CompanyOrders (id, product_id, quantity, order_date) values (21, 120, 72, '6/21/2025');
insert into CompanyOrders (id, product_id, quantity, order_date) values (22, 139, 56, '1/6/2025');
insert into CompanyOrders (id, product_id, quantity, order_date) values (23, 67, 27, '10/28/2025');
insert into CompanyOrders (id, product_id, quantity, order_date) values (24, 64, 76, '10/5/2025');
insert into CompanyOrders (id, product_id, quantity, order_date) values (25, 157, 18, '8/6/2025');
insert into CompanyOrders (id, product_id, quantity, order_date) values (26, 41, 51, '9/8/2025');
insert into CompanyOrders (id, product_id, quantity, order_date) values (27, 138, 32, '3/16/2025');
insert into CompanyOrders (id, product_id, quantity, order_date) values (28, 79, 56, '8/31/2025');
insert into CompanyOrders (id, product_id, quantity, order_date) values (29, 16, 99, '12/27/2025');
insert into CompanyOrders (id, product_id, quantity, order_date) values (30, 50, 56, '11/22/2025');
insert into CompanyOrders (id, product_id, quantity, order_date) values (31, 8, 49, '10/9/2025');
insert into CompanyOrders (id, product_id, quantity, order_date) values (32, 44, 23, '1/27/2025');
insert into CompanyOrders (id, product_id, quantity, order_date) values (33, 168, 92, '11/22/2025');
insert into CompanyOrders (id, product_id, quantity, order_date) values (34, 8, 47, '4/18/2025');
insert into CompanyOrders (id, product_id, quantity, order_date) values (35, 25, 57, '7/8/2025');
insert into CompanyOrders (id, product_id, quantity, order_date) values (36, 143, 70, '4/4/2025');
insert into CompanyOrders (id, product_id, quantity, order_date) values (37, 140, 10, '3/24/2025');
insert into CompanyOrders (id, product_id, quantity, order_date) values (38, 178, 58, '4/9/2025');
insert into CompanyOrders (id, product_id, quantity, order_date) values (39, 159, 33, '7/18/2025');
insert into CompanyOrders (id, product_id, quantity, order_date) values (40, 62, 55, '3/27/2025');
insert into CompanyOrders (id, product_id, quantity, order_date) values (41, 171, 51, '1/6/2025');
insert into CompanyOrders (id, product_id, quantity, order_date) values (42, 35, 62, '5/28/2025');
insert into CompanyOrders (id, product_id, quantity, order_date) values (43, 84, 22, '5/23/2025');
insert into CompanyOrders (id, product_id, quantity, order_date) values (44, 87, 55, '2/16/2025');
insert into CompanyOrders (id, product_id, quantity, order_date) values (45, 179, 43, '8/22/2025');
insert into CompanyOrders (id, product_id, quantity, order_date) values (46, 178, 68, '7/29/2025');
insert into CompanyOrders (id, product_id, quantity, order_date) values (47, 33, 74, '7/14/2025');
insert into CompanyOrders (id, product_id, quantity, order_date) values (48, 57, 66, '2/7/2025');
insert into CompanyOrders (id, product_id, quantity, order_date) values (49, 141, 18, '2/1/2025');
insert into CompanyOrders (id, product_id, quantity, order_date) values (50, 74, 82, '10/25/2025');
insert into CompanyOrders (id, product_id, quantity, order_date) values (51, 33, 19, '9/27/2025');
insert into CompanyOrders (id, product_id, quantity, order_date) values (52, 132, 83, '6/9/2025');
insert into CompanyOrders (id, product_id, quantity, order_date) values (53, 182, 35, '1/12/2025');
insert into CompanyOrders (id, product_id, quantity, order_date) values (54, 18, 67, '4/1/2025');
insert into CompanyOrders (id, product_id, quantity, order_date) values (55, 150, 83, '4/4/2025');
insert into CompanyOrders (id, product_id, quantity, order_date) values (56, 22, 96, '6/25/2025');
insert into CompanyOrders (id, product_id, quantity, order_date) values (57, 59, 37, '12/16/2025');
insert into CompanyOrders (id, product_id, quantity, order_date) values (58, 111, 44, '6/10/2025');
insert into CompanyOrders (id, product_id, quantity, order_date) values (59, 17, 11, '12/25/2025');
insert into CompanyOrders (id, product_id, quantity, order_date) values (60, 26, 48, '8/24/2025');
insert into CompanyOrders (id, product_id, quantity, order_date) values (61, 90, 12, '9/16/2025');
insert into CompanyOrders (id, product_id, quantity, order_date) values (62, 124, 51, '7/12/2025');
insert into CompanyOrders (id, product_id, quantity, order_date) values (63, 68, 10, '9/28/2025');
insert into CompanyOrders (id, product_id, quantity, order_date) values (64, 56, 39, '1/26/2025');
insert into CompanyOrders (id, product_id, quantity, order_date) values (65, 197, 78, '8/19/2025');
insert into CompanyOrders (id, product_id, quantity, order_date) values (66, 129, 77, '3/26/2025');
insert into CompanyOrders (id, product_id, quantity, order_date) values (67, 64, 36, '6/17/2025');
insert into CompanyOrders (id, product_id, quantity, order_date) values (68, 3, 63, '12/3/2025');
insert into CompanyOrders (id, product_id, quantity, order_date) values (69, 82, 50, '9/26/2025');
insert into CompanyOrders (id, product_id, quantity, order_date) values (70, 172, 58, '8/19/2025');
insert into CompanyOrders (id, product_id, quantity, order_date) values (71, 17, 35, '10/23/2025');
insert into CompanyOrders (id, product_id, quantity, order_date) values (72, 21, 65, '11/24/2025');
insert into CompanyOrders (id, product_id, quantity, order_date) values (73, 80, 82, '12/24/2025');
insert into CompanyOrders (id, product_id, quantity, order_date) values (74, 76, 28, '5/6/2025');
insert into CompanyOrders (id, product_id, quantity, order_date) values (75, 19, 41, '2/12/2025');
insert into CompanyOrders (id, product_id, quantity, order_date) values (76, 41, 56, '2/17/2025');
insert into CompanyOrders (id, product_id, quantity, order_date) values (77, 28, 19, '5/18/2025');
insert into CompanyOrders (id, product_id, quantity, order_date) values (78, 54, 38, '4/2/2025');
insert into CompanyOrders (id, product_id, quantity, order_date) values (79, 84, 88, '2/5/2025');
insert into CompanyOrders (id, product_id, quantity, order_date) values (80, 188, 33, '5/15/2025');
insert into CompanyOrders (id, product_id, quantity, order_date) values (81, 88, 67, '3/19/2025');
insert into CompanyOrders (id, product_id, quantity, order_date) values (82, 34, 100, '2/18/2025');
insert into CompanyOrders (id, product_id, quantity, order_date) values (83, 31, 94, '11/2/2025');
insert into CompanyOrders (id, product_id, quantity, order_date) values (84, 120, 92, '10/10/2025');
insert into CompanyOrders (id, product_id, quantity, order_date) values (85, 37, 33, '11/15/2025');
insert into CompanyOrders (id, product_id, quantity, order_date) values (86, 189, 44, '7/31/2025');
insert into CompanyOrders (id, product_id, quantity, order_date) values (87, 131, 11, '10/24/2025');
insert into CompanyOrders (id, product_id, quantity, order_date) values (88, 164, 39, '12/11/2025');
insert into CompanyOrders (id, product_id, quantity, order_date) values (89, 102, 44, '1/10/2025');
insert into CompanyOrders (id, product_id, quantity, order_date) values (90, 96, 64, '5/20/2025');
insert into CompanyOrders (id, product_id, quantity, order_date) values (91, 92, 10, '12/17/2025');
insert into CompanyOrders (id, product_id, quantity, order_date) values (92, 66, 79, '9/6/2025');
insert into CompanyOrders (id, product_id, quantity, order_date) values (93, 141, 68, '4/5/2025');
insert into CompanyOrders (id, product_id, quantity, order_date) values (94, 161, 99, '12/31/2024');
insert into CompanyOrders (id, product_id, quantity, order_date) values (95, 155, 56, '7/19/2025');
insert into CompanyOrders (id, product_id, quantity, order_date) values (96, 12, 57, '11/18/2025');
insert into CompanyOrders (id, product_id, quantity, order_date) values (97, 76, 50, '9/24/2025');
insert into CompanyOrders (id, product_id, quantity, order_date) values (98, 105, 84, '12/18/2025');
insert into CompanyOrders (id, product_id, quantity, order_date) values (99, 7, 44, '6/22/2025');
insert into CompanyOrders (id, product_id, quantity, order_date) values (100, 25, 76, '9/30/2025');

-- OrderDetails
insert into OrderDetails (id, order_id, product_id, quantity, discount) values (1, 87, 113, 2, 8);
insert into OrderDetails (id, order_id, product_id, quantity, discount) values (2, 80, 35, 3, 0);
insert into OrderDetails (id, order_id, product_id, quantity, discount) values (3, 14, 117, 2, 4);
insert into OrderDetails (id, order_id, product_id, quantity, discount) values (4, 18, 138, 5, 15);
insert into OrderDetails (id, order_id, product_id, quantity, discount) values (5, 10, 32, 1, 4);
insert into OrderDetails (id, order_id, product_id, quantity, discount) values (6, 34, 24, 4, 11);
insert into OrderDetails (id, order_id, product_id, quantity, discount) values (7, 11, 171, 4, 5);
insert into OrderDetails (id, order_id, product_id, quantity, discount) values (8, 66, 120, 3, 12);
insert into OrderDetails (id, order_id, product_id, quantity, discount) values (9, 55, 42, 3, 11);
insert into OrderDetails (id, order_id, product_id, quantity, discount) values (10, 3, 5, 3, 7);
insert into OrderDetails (id, order_id, product_id, quantity, discount) values (11, 22, 157, 2, 10);
insert into OrderDetails (id, order_id, product_id, quantity, discount) values (12, 23, 51, 2, 17);
insert into OrderDetails (id, order_id, product_id, quantity, discount) values (13, 89, 192, 1, 18);
insert into OrderDetails (id, order_id, product_id, quantity, discount) values (14, 79, 135, 1, 10);
insert into OrderDetails (id, order_id, product_id, quantity, discount) values (15, 36, 121, 4, 16);
insert into OrderDetails (id, order_id, product_id, quantity, discount) values (16, 56, 85, 5, 7);
insert into OrderDetails (id, order_id, product_id, quantity, discount) values (17, 100, 69, 1, 1);
insert into OrderDetails (id, order_id, product_id, quantity, discount) values (18, 88, 88, 2, 7);
insert into OrderDetails (id, order_id, product_id, quantity, discount) values (19, 43, 180, 3, 17);
insert into OrderDetails (id, order_id, product_id, quantity, discount) values (20, 24, 5, 1, 11);
insert into OrderDetails (id, order_id, product_id, quantity, discount) values (21, 3, 8, 1, 3);
insert into OrderDetails (id, order_id, product_id, quantity, discount) values (22, 50, 47, 1, 0);
insert into OrderDetails (id, order_id, product_id, quantity, discount) values (23, 11, 26, 3, 19);
insert into OrderDetails (id, order_id, product_id, quantity, discount) values (24, 6, 72, 4, 4);
insert into OrderDetails (id, order_id, product_id, quantity, discount) values (25, 4, 184, 1, 20);
insert into OrderDetails (id, order_id, product_id, quantity, discount) values (26, 10, 176, 3, 9);
insert into OrderDetails (id, order_id, product_id, quantity, discount) values (27, 8, 157, 5, 15);
insert into OrderDetails (id, order_id, product_id, quantity, discount) values (28, 9, 90, 5, 19);
insert into OrderDetails (id, order_id, product_id, quantity, discount) values (29, 100, 86, 1, 9);
insert into OrderDetails (id, order_id, product_id, quantity, discount) values (30, 99, 84, 5, 8);
insert into OrderDetails (id, order_id, product_id, quantity, discount) values (31, 36, 101, 4, 13);
insert into OrderDetails (id, order_id, product_id, quantity, discount) values (32, 3, 183, 1, 6);
insert into OrderDetails (id, order_id, product_id, quantity, discount) values (33, 46, 27, 4, 1);
insert into OrderDetails (id, order_id, product_id, quantity, discount) values (34, 17, 37, 5, 2);
insert into OrderDetails (id, order_id, product_id, quantity, discount) values (35, 9, 150, 5, 15);
insert into OrderDetails (id, order_id, product_id, quantity, discount) values (36, 70, 32, 4, 9);
insert into OrderDetails (id, order_id, product_id, quantity, discount) values (37, 46, 162, 4, 7);
insert into OrderDetails (id, order_id, product_id, quantity, discount) values (38, 90, 113, 4, 7);
insert into OrderDetails (id, order_id, product_id, quantity, discount) values (39, 16, 122, 4, 12);
insert into OrderDetails (id, order_id, product_id, quantity, discount) values (40, 30, 39, 1, 11);
insert into OrderDetails (id, order_id, product_id, quantity, discount) values (41, 5, 103, 2, 19);
insert into OrderDetails (id, order_id, product_id, quantity, discount) values (42, 29, 32, 5, 5);
insert into OrderDetails (id, order_id, product_id, quantity, discount) values (43, 81, 175, 5, 5);
insert into OrderDetails (id, order_id, product_id, quantity, discount) values (44, 9, 88, 3, 10);
insert into OrderDetails (id, order_id, product_id, quantity, discount) values (45, 66, 169, 3, 2);
insert into OrderDetails (id, order_id, product_id, quantity, discount) values (46, 16, 196, 1, 15);
insert into OrderDetails (id, order_id, product_id, quantity, discount) values (47, 2, 23, 4, 9);
insert into OrderDetails (id, order_id, product_id, quantity, discount) values (48, 18, 173, 2, 18);
insert into OrderDetails (id, order_id, product_id, quantity, discount) values (49, 17, 15, 2, 19);
insert into OrderDetails (id, order_id, product_id, quantity, discount) values (50, 64, 154, 3, 15);
insert into OrderDetails (id, order_id, product_id, quantity, discount) values (51, 80, 155, 5, 13);
insert into OrderDetails (id, order_id, product_id, quantity, discount) values (52, 16, 119, 2, 18);
insert into OrderDetails (id, order_id, product_id, quantity, discount) values (53, 91, 192, 1, 1);
insert into OrderDetails (id, order_id, product_id, quantity, discount) values (54, 36, 150, 5, 15);
insert into OrderDetails (id, order_id, product_id, quantity, discount) values (55, 87, 170, 1, 16);
insert into OrderDetails (id, order_id, product_id, quantity, discount) values (56, 97, 154, 3, 1);
insert into OrderDetails (id, order_id, product_id, quantity, discount) values (57, 85, 28, 3, 15);
insert into OrderDetails (id, order_id, product_id, quantity, discount) values (58, 21, 15, 1, 7);
insert into OrderDetails (id, order_id, product_id, quantity, discount) values (59, 16, 53, 2, 6);
insert into OrderDetails (id, order_id, product_id, quantity, discount) values (60, 76, 173, 5, 12);
insert into OrderDetails (id, order_id, product_id, quantity, discount) values (61, 68, 159, 5, 4);
insert into OrderDetails (id, order_id, product_id, quantity, discount) values (62, 70, 52, 2, 19);
insert into OrderDetails (id, order_id, product_id, quantity, discount) values (63, 82, 81, 1, 1);
insert into OrderDetails (id, order_id, product_id, quantity, discount) values (64, 29, 164, 2, 16);
insert into OrderDetails (id, order_id, product_id, quantity, discount) values (65, 4, 73, 1, 3);
insert into OrderDetails (id, order_id, product_id, quantity, discount) values (66, 86, 111, 5, 20);
insert into OrderDetails (id, order_id, product_id, quantity, discount) values (67, 2, 190, 4, 16);
insert into OrderDetails (id, order_id, product_id, quantity, discount) values (68, 27, 51, 1, 9);
insert into OrderDetails (id, order_id, product_id, quantity, discount) values (69, 52, 94, 4, 11);
insert into OrderDetails (id, order_id, product_id, quantity, discount) values (70, 5, 99, 3, 14);
insert into OrderDetails (id, order_id, product_id, quantity, discount) values (71, 6, 185, 4, 9);
insert into OrderDetails (id, order_id, product_id, quantity, discount) values (72, 81, 48, 4, 0);
insert into OrderDetails (id, order_id, product_id, quantity, discount) values (73, 82, 94, 3, 9);
insert into OrderDetails (id, order_id, product_id, quantity, discount) values (74, 19, 197, 1, 11);
insert into OrderDetails (id, order_id, product_id, quantity, discount) values (75, 93, 193, 3, 13);
insert into OrderDetails (id, order_id, product_id, quantity, discount) values (76, 29, 31, 1, 14);
insert into OrderDetails (id, order_id, product_id, quantity, discount) values (77, 66, 73, 5, 10);
insert into OrderDetails (id, order_id, product_id, quantity, discount) values (78, 4, 142, 2, 2);
insert into OrderDetails (id, order_id, product_id, quantity, discount) values (79, 11, 117, 5, 17);
insert into OrderDetails (id, order_id, product_id, quantity, discount) values (80, 8, 54, 2, 0);
insert into OrderDetails (id, order_id, product_id, quantity, discount) values (81, 85, 199, 1, 14);
insert into OrderDetails (id, order_id, product_id, quantity, discount) values (82, 14, 79, 2, 11);
insert into OrderDetails (id, order_id, product_id, quantity, discount) values (83, 1, 66, 5, 20);
insert into OrderDetails (id, order_id, product_id, quantity, discount) values (84, 4, 79, 3, 12);
insert into OrderDetails (id, order_id, product_id, quantity, discount) values (85, 24, 13, 3, 10);
insert into OrderDetails (id, order_id, product_id, quantity, discount) values (86, 6, 65, 5, 11);
insert into OrderDetails (id, order_id, product_id, quantity, discount) values (87, 12, 61, 5, 12);
insert into OrderDetails (id, order_id, product_id, quantity, discount) values (88, 84, 185, 4, 13);
insert into OrderDetails (id, order_id, product_id, quantity, discount) values (89, 33, 126, 3, 15);
insert into OrderDetails (id, order_id, product_id, quantity, discount) values (90, 97, 67, 3, 17);
insert into OrderDetails (id, order_id, product_id, quantity, discount) values (91, 28, 192, 5, 7);
insert into OrderDetails (id, order_id, product_id, quantity, discount) values (92, 61, 12, 4, 16);
insert into OrderDetails (id, order_id, product_id, quantity, discount) values (93, 16, 46, 1, 9);
insert into OrderDetails (id, order_id, product_id, quantity, discount) values (94, 44, 62, 4, 0);
insert into OrderDetails (id, order_id, product_id, quantity, discount) values (95, 75, 57, 4, 8);
insert into OrderDetails (id, order_id, product_id, quantity, discount) values (96, 18, 88, 4, 6);
insert into OrderDetails (id, order_id, product_id, quantity, discount) values (97, 3, 196, 2, 19);
insert into OrderDetails (id, order_id, product_id, quantity, discount) values (98, 9, 183, 2, 8);
insert into OrderDetails (id, order_id, product_id, quantity, discount) values (99, 13, 63, 3, 19);
insert into OrderDetails (id, order_id, product_id, quantity, discount) values (100, 32, 127, 5, 20);

-- Payments
insert into Payments (id, transaction_id, payment_date) values (1, '8ec10bc3-2a6a-432a-b9f1-915531fb9822', '12/31/2024');
insert into Payments (id, transaction_id, payment_date) values (2, '085aed9b-278c-4110-9cb0-e90e140019ba', '7/24/2025');
insert into Payments (id, transaction_id, payment_date) values (3, '93d7ee4a-b13d-46fb-93e5-fa56b9813d67', '12/23/2025');
insert into Payments (id, transaction_id, payment_date) values (4, '6704bad9-41d9-4ca2-a619-5a09834b4b76', '1/4/2025');
insert into Payments (id, transaction_id, payment_date) values (5, '299e9bb9-6a2a-477e-881e-7988b1d729f0', '8/22/2025');
insert into Payments (id, transaction_id, payment_date) values (6, '6608c812-d81f-4f5c-b1c4-4844f9c07b29', '2/2/2025');
insert into Payments (id, transaction_id, payment_date) values (7, '4f7d3ec5-0264-44cb-a3a3-ea03d80bb5ab', '5/18/2025');
insert into Payments (id, transaction_id, payment_date) values (8, '5139a28f-2d6a-499f-b8e4-9b4bf30d4e55', '5/5/2025');
insert into Payments (id, transaction_id, payment_date) values (9, 'ca3d278a-f2cc-4b8f-b91e-ed03c9cd20e5', '3/9/2025');
insert into Payments (id, transaction_id, payment_date) values (10, 'f5905169-9c23-440f-85f2-85d77ab81b24', '1/30/2025');
insert into Payments (id, transaction_id, payment_date) values (11, '6dcfff16-3a39-4467-8355-058032007c3b', '12/27/2025');
insert into Payments (id, transaction_id, payment_date) values (12, '2f1b29eb-1a07-4bc1-b8ec-03a86227cc95', '10/15/2025');
insert into Payments (id, transaction_id, payment_date) values (13, '3ac546b7-220c-462b-ac8a-24ab8f16e078', '12/4/2025');
insert into Payments (id, transaction_id, payment_date) values (14, '37291bac-5879-465f-9af4-29c977223499', '5/16/2025');
insert into Payments (id, transaction_id, payment_date) values (15, 'f71304a9-036e-4c0b-81e7-2912aad74ab2', '1/16/2025');
insert into Payments (id, transaction_id, payment_date) values (16, '2e9f0b42-4b12-440d-9b69-d25191a85909', '2/10/2025');
insert into Payments (id, transaction_id, payment_date) values (17, '0e57ed70-2d9f-403a-ac9e-f3fb5b56441f', '6/11/2025');
insert into Payments (id, transaction_id, payment_date) values (18, 'd1a9994e-6eba-4c40-a303-b153111e84ef', '9/23/2025');
insert into Payments (id, transaction_id, payment_date) values (19, 'c7b84213-e345-4e20-b98f-25cfec66dfaf', '10/23/2025');
insert into Payments (id, transaction_id, payment_date) values (20, 'e62ba7b5-7c03-419c-9a7f-0a5ff6f63c3a', '10/11/2025');
insert into Payments (id, transaction_id, payment_date) values (21, 'd134669a-5746-4e5e-8371-c0dbe1b15f4a', '12/31/2024');
insert into Payments (id, transaction_id, payment_date) values (22, '4243bb01-d009-47e0-b71e-b60c0ccd81e9', '5/9/2025');
insert into Payments (id, transaction_id, payment_date) values (23, '05a7c55a-cbde-4574-8544-325180f94e67', '11/15/2025');
insert into Payments (id, transaction_id, payment_date) values (24, '25e82827-b4c3-42f3-93b4-7def6d51ee4f', '1/20/2025');
insert into Payments (id, transaction_id, payment_date) values (25, '6f1a42ce-860b-4b02-91a9-77c469a1431a', '9/9/2025');
insert into Payments (id, transaction_id, payment_date) values (26, '37b866ae-4656-44c9-a519-92e2a5ec3cc2', '4/29/2025');
insert into Payments (id, transaction_id, payment_date) values (27, 'c62a0272-050c-4f75-9140-57eac371e03d', '11/19/2025');
insert into Payments (id, transaction_id, payment_date) values (28, '2e34cb22-26cd-412d-ac22-a114e49af33e', '8/19/2025');
insert into Payments (id, transaction_id, payment_date) values (29, '715be06b-2567-4551-a0ef-37251a98ef5f', '12/29/2024');
insert into Payments (id, transaction_id, payment_date) values (30, 'ca3b2523-88b4-4546-a98b-688902fc2902', '12/10/2025');
insert into Payments (id, transaction_id, payment_date) values (31, '8042c37f-c1a6-4a97-b798-8266b036212f', '5/9/2025');
insert into Payments (id, transaction_id, payment_date) values (32, '3da5c0d0-0e18-460d-86e8-f38dda01a938', '10/16/2025');
insert into Payments (id, transaction_id, payment_date) values (33, 'bb614a9a-d245-45a2-b71f-bb4c2f1959a9', '7/22/2025');
insert into Payments (id, transaction_id, payment_date) values (34, 'c800106d-5f46-4393-a74f-f0845908a460', '11/6/2025');
insert into Payments (id, transaction_id, payment_date) values (35, '2747595a-399a-49df-893e-4826e5f8b12e', '11/17/2025');
insert into Payments (id, transaction_id, payment_date) values (36, '292508b1-0e1d-46a9-8907-1dd00257d0d9', '1/21/2025');
insert into Payments (id, transaction_id, payment_date) values (37, '42d78a26-1ef9-45c3-a7c6-169bb01d62cf', '2/13/2025');
insert into Payments (id, transaction_id, payment_date) values (38, '850a93e9-9264-48d4-b34f-8158d3d1ccc7', '4/23/2025');
insert into Payments (id, transaction_id, payment_date) values (39, '802fca30-5bd2-4b6a-8ba3-9676faa5c74d', '8/18/2025');
insert into Payments (id, transaction_id, payment_date) values (40, '97089d84-9661-41fb-908a-e004b43725c7', '8/27/2025');
insert into Payments (id, transaction_id, payment_date) values (41, '28b7812d-2e35-4098-8da4-c770d82a15a4', '8/5/2025');
insert into Payments (id, transaction_id, payment_date) values (42, 'f738a478-8b48-4b62-b02b-d0117df226e1', '1/11/2025');
insert into Payments (id, transaction_id, payment_date) values (43, '204ea573-5de8-46e9-a7a7-c283da9be7e6', '1/8/2025');
insert into Payments (id, transaction_id, payment_date) values (44, '3b42d2e8-54ee-40fe-a0a3-859f92b4e423', '3/24/2025');
insert into Payments (id, transaction_id, payment_date) values (45, '8204b4ff-4b92-4526-81ca-0264e576138a', '6/9/2025');
insert into Payments (id, transaction_id, payment_date) values (46, '828ae185-b1eb-4ecb-b44d-05be251dc0f6', '6/3/2025');
insert into Payments (id, transaction_id, payment_date) values (47, 'f8d8c873-8e3b-415d-9d0e-8dd397c89acb', '7/6/2025');
insert into Payments (id, transaction_id, payment_date) values (48, '0500bfd0-ac66-4d06-b287-d58fde702ab0', '12/23/2025');
insert into Payments (id, transaction_id, payment_date) values (49, 'c43eef8a-9b4a-43ca-8604-3638bcb45b16', '3/9/2025');
insert into Payments (id, transaction_id, payment_date) values (50, 'd9b74bf3-088c-44b8-b4ce-1dc84939e1a5', '11/2/2025');
insert into Payments (id, transaction_id, payment_date) values (51, 'ddbc59ce-e713-4d43-a90c-6653b73136b1', '1/8/2025');
insert into Payments (id, transaction_id, payment_date) values (52, '33508311-257a-466d-b732-9d2d220a8de8', '8/2/2025');
insert into Payments (id, transaction_id, payment_date) values (53, '9650c652-4d89-4f57-84ad-317bc3a8acb3', '1/3/2025');
insert into Payments (id, transaction_id, payment_date) values (54, '8bf08b5d-62c7-466f-bfe6-ad20c5c9967b', '2/10/2025');
insert into Payments (id, transaction_id, payment_date) values (55, 'e1015e14-e35b-4e4c-8025-8a59fef61a1f', '1/24/2025');
insert into Payments (id, transaction_id, payment_date) values (56, 'c8a7382b-6f89-434d-b3cb-460df292dfde', '3/30/2025');
insert into Payments (id, transaction_id, payment_date) values (57, '873f6ed8-a86a-4945-bd77-943e2d641c6e', '7/5/2025');
insert into Payments (id, transaction_id, payment_date) values (58, '51bdfcac-20c0-4260-8865-3ab1363487ae', '10/20/2025');
insert into Payments (id, transaction_id, payment_date) values (59, 'dc6db368-2fc2-46c7-99a0-086b8d5b6aed', '9/26/2025');
insert into Payments (id, transaction_id, payment_date) values (60, 'f9b7bb2e-06fc-4609-818c-ee1680238cdb', '1/19/2025');
insert into Payments (id, transaction_id, payment_date) values (61, '68f1ba5e-64b8-49e2-baf7-34fb0ac7538b', '9/7/2025');
insert into Payments (id, transaction_id, payment_date) values (62, '17a883ad-d4c2-4dec-b9c2-add9b640fdc2', '12/9/2025');
insert into Payments (id, transaction_id, payment_date) values (63, 'eb956f14-cdf7-4dd8-9dd7-8a484ca31522', '10/19/2025');
insert into Payments (id, transaction_id, payment_date) values (64, '098c951b-d53a-4071-be11-347d9d6937dd', '4/13/2025');
insert into Payments (id, transaction_id, payment_date) values (65, '8c4005bd-9df3-4f99-a2bc-91ebfc1270d4', '8/12/2025');
insert into Payments (id, transaction_id, payment_date) values (66, 'ef3928d5-6896-428a-907a-c50d37e83448', '8/22/2025');
insert into Payments (id, transaction_id, payment_date) values (67, '0413f332-a617-4d36-aef4-7089a9eeb7f8', '3/5/2025');
insert into Payments (id, transaction_id, payment_date) values (68, 'a2f7c861-634a-4e7a-85e3-d199783b922e', '12/5/2025');
insert into Payments (id, transaction_id, payment_date) values (69, 'c862740a-e5cc-4a3b-86c6-0c5a0ac36dd1', '8/15/2025');
insert into Payments (id, transaction_id, payment_date) values (70, 'cc8c35c1-e408-47df-8913-a3d765aaff29', '8/5/2025');
insert into Payments (id, transaction_id, payment_date) values (71, '28970b4b-2078-405d-be72-9c39c7ffd030', '12/28/2025');
insert into Payments (id, transaction_id, payment_date) values (72, '528c213b-33de-4d6c-9bee-d1f310a1c600', '12/21/2025');
insert into Payments (id, transaction_id, payment_date) values (73, '22e26085-018d-4a16-940a-25a37b203e15', '8/9/2025');
insert into Payments (id, transaction_id, payment_date) values (74, '5ee6db4f-7fb2-4009-ae88-d89a14561692', '11/21/2025');
insert into Payments (id, transaction_id, payment_date) values (75, '404f1d5d-b7a2-4723-9ffa-b4128cd4b409', '5/29/2025');
insert into Payments (id, transaction_id, payment_date) values (76, '9d011cd3-0f28-498d-9955-a916081406b2', '2/6/2025');
insert into Payments (id, transaction_id, payment_date) values (77, '5e2d021b-55a0-40a5-a0b0-57f00d079640', '9/30/2025');
insert into Payments (id, transaction_id, payment_date) values (78, 'f386b668-bdec-445c-991a-ff17f28ffd4c', '9/26/2025');
insert into Payments (id, transaction_id, payment_date) values (79, 'b932c85c-1c4b-4965-ab54-9efa9084eeb1', '12/1/2025');
insert into Payments (id, transaction_id, payment_date) values (80, '979ff9b2-32b4-4038-a883-64e816b8516a', '3/23/2025');
insert into Payments (id, transaction_id, payment_date) values (81, 'bc537fee-e8b5-491b-bbb9-11b556de92a2', '12/10/2025');
insert into Payments (id, transaction_id, payment_date) values (82, 'b05fba12-eee4-430f-9ab4-0c8f60b9bbcd', '8/26/2025');
insert into Payments (id, transaction_id, payment_date) values (83, '2195b2e4-5a80-47d0-8c35-90008b89016d', '11/3/2025');
insert into Payments (id, transaction_id, payment_date) values (84, '71db834f-56bf-474f-8c73-edcc89f619b9', '12/27/2025');
insert into Payments (id, transaction_id, payment_date) values (85, 'f2516e31-e159-4b96-b370-51782021970a', '11/11/2025');
insert into Payments (id, transaction_id, payment_date) values (86, '8c61aa04-2f81-49c6-aa2c-a19c813713fe', '3/6/2025');
insert into Payments (id, transaction_id, payment_date) values (87, '53f613f1-9068-4763-98de-1efe88605c19', '10/29/2025');
insert into Payments (id, transaction_id, payment_date) values (88, '112c307c-6aec-4a4b-9221-39c8a7ea39a3', '6/21/2025');
insert into Payments (id, transaction_id, payment_date) values (89, '177d03dc-b814-4b77-92ec-0c45be22d4f0', '7/19/2025');
insert into Payments (id, transaction_id, payment_date) values (90, 'a300f780-2ec3-449e-a4e0-3aa11dc73b62', '6/28/2025');
insert into Payments (id, transaction_id, payment_date) values (91, 'faecc191-8bc4-48a0-8f28-2a8667dc97d9', '5/5/2025');
insert into Payments (id, transaction_id, payment_date) values (92, 'c8f6472a-5efe-4f49-9d0f-a1a566d6f7fd', '10/19/2025');
insert into Payments (id, transaction_id, payment_date) values (93, '5830ed57-e8b3-411d-b8ae-926e7caecee0', '7/14/2025');
insert into Payments (id, transaction_id, payment_date) values (94, 'abe0f7c6-5864-4b87-9af8-6999dfa8aa62', '12/10/2025');
insert into Payments (id, transaction_id, payment_date) values (95, 'd39f3e82-5e89-4bb3-9c51-12f03b07393d', '8/17/2025');
insert into Payments (id, transaction_id, payment_date) values (96, '7c08b86c-1dc3-412e-95ff-78e605fb7cfb', '8/9/2025');
insert into Payments (id, transaction_id, payment_date) values (97, '49d7bf25-bc16-4a72-84e4-d3a60c2251b4', '5/12/2025');
insert into Payments (id, transaction_id, payment_date) values (98, 'd9522029-163f-4e6c-b169-b1665234e473', '9/17/2025');
insert into Payments (id, transaction_id, payment_date) values (99, 'bf9f1c32-5d45-409d-aa8c-9059be7f9bbf', '2/17/2025');
insert into Payments (id, transaction_id, payment_date) values (100, 'a2f37119-8233-4107-a4f6-fe0dfb99a2a1', '1/26/2025');

-- Reviews
insert into Reviews (id, product_id, customer_id, rating, review) values (1, 118, 2, 3, 'Best purchase I have made this year.');
insert into Reviews (id, product_id, customer_id, rating, review) values (2, 14, 7, 3, 'Great support for long hours of sitting.');
insert into Reviews (id, product_id, customer_id, rating, review) values (3, 76, 16, 1, 'Stunning minimalist design. Gets lots of compliments.');
insert into Reviews (id, product_id, customer_id, rating, review) values (4, 138, 12, 4, 'The color pops and brightens up the whole room.');
insert into Reviews (id, product_id, customer_id, rating, review) values (5, 174, 13, 3, 'Exactly what I was looking for. True to size.');
insert into Reviews (id, product_id, customer_id, rating, review) values (6, 104, 16, 2, 'Excellent ergonomics. My back feels much better now.');
insert into Reviews (id, product_id, customer_id, rating, review) values (7, 80, 17, 1, 'Beautifully crafted and fits my living room perfectly.');
insert into Reviews (id, product_id, customer_id, rating, review) values (8, 87, 2, 1, 'The finish on the wood is smooth and looks premium.');
insert into Reviews (id, product_id, customer_id, rating, review) values (9, 107, 2, 3, 'Perfect height for my dining table.');
insert into Reviews (id, product_id, customer_id, rating, review) values (10, 173, 17, 5, 'Color is a bit darker than in the pictures but still nice.');
insert into Reviews (id, product_id, customer_id, rating, review) values (11, 84, 12, 2, 'Perfect height for my dining table.');
insert into Reviews (id, product_id, customer_id, rating, review) values (12, 40, 19, 5, 'Matches my other industrial-style furniture perfectly.');
insert into Reviews (id, product_id, customer_id, rating, review) values (13, 77, 10, 2, 'Soft fabric and very comfortable. My cats love it too!');
insert into Reviews (id, product_id, customer_id, rating, review) values (14, 14, 9, 1, 'Heavy and high-quality. Not like the cheap stuff.');
insert into Reviews (id, product_id, customer_id, rating, review) values (15, 143, 3, 2, 'Arrived with a missing screw but customer service fixed it fast.');
insert into Reviews (id, product_id, customer_id, rating, review) values (16, 182, 19, 2, 'Better than expected for the price point.');
insert into Reviews (id, product_id, customer_id, rating, review) values (17, 177, 10, 2, 'Arrived with a missing screw but customer service fixed it fast.');
insert into Reviews (id, product_id, customer_id, rating, review) values (18, 186, 17, 5, 'Functional and stylish. A great addition to the bedroom.');
insert into Reviews (id, product_id, customer_id, rating, review) values (19, 90, 6, 4, 'Heavy and high-quality. Not like the cheap stuff.');
insert into Reviews (id, product_id, customer_id, rating, review) values (20, 147, 3, 2, 'Perfect height for my dining table.');
insert into Reviews (id, product_id, customer_id, rating, review) values (21, 165, 3, 3, 'Arrived with a missing screw but customer service fixed it fast.');
insert into Reviews (id, product_id, customer_id, rating, review) values (22, 21, 20, 1, 'Color is a bit darker than in the pictures but still nice.');
insert into Reviews (id, product_id, customer_id, rating, review) values (23, 44, 20, 3, 'Elegant and sophisticated. Worth every penny.');
insert into Reviews (id, product_id, customer_id, rating, review) values (24, 15, 13, 3, 'The velvet is so soft to the touch.');
insert into Reviews (id, product_id, customer_id, rating, review) values (25, 168, 5, 2, 'Packaging was a bit messy but the furniture was safe.');
insert into Reviews (id, product_id, customer_id, rating, review) values (26, 186, 12, 1, 'The velvet is so soft to the touch.');
insert into Reviews (id, product_id, customer_id, rating, review) values (27, 16, 15, 4, 'The mid-century vibe is perfect for my home office.');
insert into Reviews (id, product_id, customer_id, rating, review) values (28, 188, 17, 2, 'Easy to clean and looks brand new after months of use.');
insert into Reviews (id, product_id, customer_id, rating, review) values (29, 173, 13, 4, 'Matches my other industrial-style furniture perfectly.');
insert into Reviews (id, product_id, customer_id, rating, review) values (30, 35, 6, 5, 'The cushions are a bit stiff at first but they soften up.');
insert into Reviews (id, product_id, customer_id, rating, review) values (31, 75, 18, 3, 'High-quality hardware. The drawers slide very smoothly.');
insert into Reviews (id, product_id, customer_id, rating, review) values (32, 13, 20, 5, 'Matches my other industrial-style furniture perfectly.');
insert into Reviews (id, product_id, customer_id, rating, review) values (33, 154, 4, 4, 'Stunning minimalist design. Gets lots of compliments.');
insert into Reviews (id, product_id, customer_id, rating, review) values (34, 54, 8, 4, 'Solid construction and no wobbling at all.');
insert into Reviews (id, product_id, customer_id, rating, review) values (35, 128, 20, 4, 'Took 2 hours to build but it was worth it.');
insert into Reviews (id, product_id, customer_id, rating, review) values (36, 193, 13, 2, 'The delivery team was professional and careful.');
insert into Reviews (id, product_id, customer_id, rating, review) values (37, 101, 20, 2, 'Elegant and sophisticated. Worth every penny.');
insert into Reviews (id, product_id, customer_id, rating, review) values (38, 101, 20, 2, 'A bit pricey but the quality of the velvet is top-notch.');
insert into Reviews (id, product_id, customer_id, rating, review) values (39, 191, 5, 3, 'The fabric feels durable and high-quality.');
insert into Reviews (id, product_id, customer_id, rating, review) values (40, 82, 15, 1, 'Great support for long hours of sitting.');
insert into Reviews (id, product_id, customer_id, rating, review) values (41, 161, 9, 5, 'Color is a bit darker than in the pictures but still nice.');
insert into Reviews (id, product_id, customer_id, rating, review) values (42, 174, 2, 4, 'The wood grain is beautiful and unique.');
insert into Reviews (id, product_id, customer_id, rating, review) values (43, 68, 4, 3, 'Great support for long hours of sitting.');
insert into Reviews (id, product_id, customer_id, rating, review) values (44, 153, 17, 1, 'Took 2 hours to build but it was worth it.');
insert into Reviews (id, product_id, customer_id, rating, review) values (45, 32, 4, 5, 'Perfect height for my dining table.');
insert into Reviews (id, product_id, customer_id, rating, review) values (46, 50, 14, 3, 'Heavy and high-quality. Not like the cheap stuff.');
insert into Reviews (id, product_id, customer_id, rating, review) values (47, 130, 6, 5, 'The delivery team was professional and careful.');
insert into Reviews (id, product_id, customer_id, rating, review) values (48, 151, 1, 1, 'Packaging was a bit messy but the furniture was safe.');
insert into Reviews (id, product_id, customer_id, rating, review) values (49, 32, 5, 1, 'Matches my other industrial-style furniture perfectly.');
insert into Reviews (id, product_id, customer_id, rating, review) values (50, 172, 19, 2, 'Solid construction and no wobbling at all.');
insert into Reviews (id, product_id, customer_id, rating, review) values (51, 18, 19, 1, 'Simply beautiful. Five stars!');
insert into Reviews (id, product_id, customer_id, rating, review) values (52, 6, 8, 5, 'The instructions were a bit confusing but the result is great.');
insert into Reviews (id, product_id, customer_id, rating, review) values (53, 199, 18, 1, 'Better than expected for the price point.');
insert into Reviews (id, product_id, customer_id, rating, review) values (54, 148, 16, 2, 'Matches my other industrial-style furniture perfectly.');
insert into Reviews (id, product_id, customer_id, rating, review) values (55, 170, 10, 1, 'The velvet is so soft to the touch.');
insert into Reviews (id, product_id, customer_id, rating, review) values (56, 164, 10, 4, 'A bit difficult to put together alone. Get a friend to help.');
insert into Reviews (id, product_id, customer_id, rating, review) values (57, 86, 9, 4, 'Best purchase I have made this year.');
insert into Reviews (id, product_id, customer_id, rating, review) values (58, 143, 8, 2, 'Elegant and sophisticated. Worth every penny.');
insert into Reviews (id, product_id, customer_id, rating, review) values (59, 97, 8, 3, 'A bit pricey but the quality of the velvet is top-notch.');
insert into Reviews (id, product_id, customer_id, rating, review) values (60, 147, 3, 3, 'Arrived with a missing screw but customer service fixed it fast.');
insert into Reviews (id, product_id, customer_id, rating, review) values (61, 6, 17, 5, 'The finish on the wood is smooth and looks premium.');
insert into Reviews (id, product_id, customer_id, rating, review) values (62, 57, 19, 1, 'Solid construction and no wobbling at all.');
insert into Reviews (id, product_id, customer_id, rating, review) values (63, 104, 6, 1, 'Easy to clean and looks brand new after months of use.');
insert into Reviews (id, product_id, customer_id, rating, review) values (64, 12, 20, 5, 'Solid construction and no wobbling at all.');
insert into Reviews (id, product_id, customer_id, rating, review) values (65, 1, 4, 1, 'The finish on the wood is smooth and looks premium.');
insert into Reviews (id, product_id, customer_id, rating, review) values (66, 40, 19, 4, 'Perfect height for my dining table.');
insert into Reviews (id, product_id, customer_id, rating, review) values (67, 41, 7, 5, 'Solid construction and no wobbling at all.');
insert into Reviews (id, product_id, customer_id, rating, review) values (68, 165, 15, 5, 'Beautifully crafted and fits my living room perfectly.');
insert into Reviews (id, product_id, customer_id, rating, review) values (69, 57, 7, 2, 'Heavy and high-quality. Not like the cheap stuff.');
insert into Reviews (id, product_id, customer_id, rating, review) values (70, 145, 3, 5, 'Perfect for small apartments. Very space-efficient.');
insert into Reviews (id, product_id, customer_id, rating, review) values (71, 195, 20, 4, 'Soft fabric and very comfortable. My cats love it too!');
insert into Reviews (id, product_id, customer_id, rating, review) values (72, 28, 6, 4, 'Very impressed with the stability of the frame.');
insert into Reviews (id, product_id, customer_id, rating, review) values (73, 33, 18, 3, 'Better than expected for the price point.');
insert into Reviews (id, product_id, customer_id, rating, review) values (74, 5, 17, 1, 'Stunning minimalist design. Gets lots of compliments.');
insert into Reviews (id, product_id, customer_id, rating, review) values (75, 159, 2, 5, 'Beautifully crafted and fits my living room perfectly.');
insert into Reviews (id, product_id, customer_id, rating, review) values (76, 137, 16, 2, 'Great value for money. Highly recommend this piece.');
insert into Reviews (id, product_id, customer_id, rating, review) values (77, 10, 15, 4, 'Excellent ergonomics. My back feels much better now.');
insert into Reviews (id, product_id, customer_id, rating, review) values (78, 56, 8, 5, 'Easy to clean and looks brand new after months of use.');
insert into Reviews (id, product_id, customer_id, rating, review) values (79, 113, 12, 1, 'Functional and stylish. A great addition to the bedroom.');
insert into Reviews (id, product_id, customer_id, rating, review) values (80, 76, 11, 2, 'Solid construction and no wobbling at all.');
insert into Reviews (id, product_id, customer_id, rating, review) values (81, 46, 6, 4, 'High-quality hardware. The drawers slide very smoothly.');
insert into Reviews (id, product_id, customer_id, rating, review) values (82, 146, 5, 2, 'Solid construction and no wobbling at all.');
insert into Reviews (id, product_id, customer_id, rating, review) values (83, 194, 2, 5, 'The velvet is so soft to the touch.');
insert into Reviews (id, product_id, customer_id, rating, review) values (84, 111, 7, 5, 'Excellent ergonomics. My back feels much better now.');
insert into Reviews (id, product_id, customer_id, rating, review) values (85, 25, 2, 5, 'Excellent ergonomics. My back feels much better now.');
insert into Reviews (id, product_id, customer_id, rating, review) values (86, 91, 8, 3, 'Very solid oak. This will last for generations.');
insert into Reviews (id, product_id, customer_id, rating, review) values (87, 41, 3, 4, 'Better than expected for the price point.');
insert into Reviews (id, product_id, customer_id, rating, review) values (88, 142, 1, 5, 'Soft fabric and very comfortable. My cats love it too!');
insert into Reviews (id, product_id, customer_id, rating, review) values (89, 21, 17, 2, 'Better than expected for the price point.');
insert into Reviews (id, product_id, customer_id, rating, review) values (90, 37, 18, 4, 'The fabric feels durable and high-quality.');
insert into Reviews (id, product_id, customer_id, rating, review) values (91, 89, 1, 4, 'Fast delivery and well packaged. No scratches found.');
insert into Reviews (id, product_id, customer_id, rating, review) values (92, 39, 2, 5, 'The mid-century vibe is perfect for my home office.');
insert into Reviews (id, product_id, customer_id, rating, review) values (93, 112, 11, 1, 'I love the smell of the real pine wood.');
insert into Reviews (id, product_id, customer_id, rating, review) values (94, 17, 20, 1, 'Elegant and sophisticated. Worth every penny.');
insert into Reviews (id, product_id, customer_id, rating, review) values (95, 90, 20, 5, 'Beautifully crafted and fits my living room perfectly.');
insert into Reviews (id, product_id, customer_id, rating, review) values (96, 131, 12, 2, 'Functional and stylish. A great addition to the bedroom.');
insert into Reviews (id, product_id, customer_id, rating, review) values (97, 67, 7, 5, 'Very solid oak. This will last for generations.');
insert into Reviews (id, product_id, customer_id, rating, review) values (98, 130, 7, 1, 'A bit pricey but the quality of the velvet is top-notch.');
insert into Reviews (id, product_id, customer_id, rating, review) values (99, 159, 12, 3, 'A bit difficult to put together alone. Get a friend to help.');
insert into Reviews (id, product_id, customer_id, rating, review) values (100, 42, 1, 3, 'High-quality hardware. The drawers slide very smoothly.');

-- Shipments
insert into Shipments (id, order_id, address_id, payment_id, shipper_id) values (1, 1, 1, 1, 13);
insert into Shipments (id, order_id, address_id, payment_id, shipper_id) values (2, 2, 7, 2, 18);
insert into Shipments (id, order_id, address_id, payment_id, shipper_id) values (3, 3, 8, 3, 28);
insert into Shipments (id, order_id, address_id, payment_id, shipper_id) values (4, 4, 4, 4, 29);
insert into Shipments (id, order_id, address_id, payment_id, shipper_id) values (5, 5, 18, 5, 11);
insert into Shipments (id, order_id, address_id, payment_id, shipper_id) values (6, 6, 17, 6, 14);
insert into Shipments (id, order_id, address_id, payment_id, shipper_id) values (7, 7, 1, 7, 7);
insert into Shipments (id, order_id, address_id, payment_id, shipper_id) values (8, 8, 10, 8, 12);
insert into Shipments (id, order_id, address_id, payment_id, shipper_id) values (9, 9, 11, 9, 18);
insert into Shipments (id, order_id, address_id, payment_id, shipper_id) values (10, 10, 10, 10, 5);
insert into Shipments (id, order_id, address_id, payment_id, shipper_id) values (11, 11, 6, 11, 10);
insert into Shipments (id, order_id, address_id, payment_id, shipper_id) values (12, 12, 11, 12, 8);
insert into Shipments (id, order_id, address_id, payment_id, shipper_id) values (13, 13, 4, 13, 28);
insert into Shipments (id, order_id, address_id, payment_id, shipper_id) values (14, 14, 11, 14, 25);
insert into Shipments (id, order_id, address_id, payment_id, shipper_id) values (15, 15, 16, 15, 27);
insert into Shipments (id, order_id, address_id, payment_id, shipper_id) values (16, 16, 4, 16, 1);
insert into Shipments (id, order_id, address_id, payment_id, shipper_id) values (17, 17, 15, 17, 18);
insert into Shipments (id, order_id, address_id, payment_id, shipper_id) values (18, 18, 19, 18, 17);
insert into Shipments (id, order_id, address_id, payment_id, shipper_id) values (19, 19, 13, 19, 25);
insert into Shipments (id, order_id, address_id, payment_id, shipper_id) values (20, 20, 12, 20, 2);
insert into Shipments (id, order_id, address_id, payment_id, shipper_id) values (21, 21, 14, 21, 14);
insert into Shipments (id, order_id, address_id, payment_id, shipper_id) values (22, 22, 18, 22, 7);
insert into Shipments (id, order_id, address_id, payment_id, shipper_id) values (23, 23, 14, 23, 18);
insert into Shipments (id, order_id, address_id, payment_id, shipper_id) values (24, 24, 20, 24, 24);
insert into Shipments (id, order_id, address_id, payment_id, shipper_id) values (25, 25, 15, 25, 30);
insert into Shipments (id, order_id, address_id, payment_id, shipper_id) values (26, 26, 5, 26, 20);
insert into Shipments (id, order_id, address_id, payment_id, shipper_id) values (27, 27, 5, 27, 25);
insert into Shipments (id, order_id, address_id, payment_id, shipper_id) values (28, 28, 16, 28, 22);
insert into Shipments (id, order_id, address_id, payment_id, shipper_id) values (29, 29, 12, 29, 4);
insert into Shipments (id, order_id, address_id, payment_id, shipper_id) values (30, 30, 19, 30, 16);
insert into Shipments (id, order_id, address_id, payment_id, shipper_id) values (31, 31, 6, 31, 2);
insert into Shipments (id, order_id, address_id, payment_id, shipper_id) values (32, 32, 2, 32, 9);
insert into Shipments (id, order_id, address_id, payment_id, shipper_id) values (33, 33, 9, 33, 30);
insert into Shipments (id, order_id, address_id, payment_id, shipper_id) values (34, 34, 8, 34, 12);
insert into Shipments (id, order_id, address_id, payment_id, shipper_id) values (35, 35, 10, 35, 19);
insert into Shipments (id, order_id, address_id, payment_id, shipper_id) values (36, 36, 4, 36, 11);
insert into Shipments (id, order_id, address_id, payment_id, shipper_id) values (37, 37, 4, 37, 13);
insert into Shipments (id, order_id, address_id, payment_id, shipper_id) values (38, 38, 5, 38, 9);
insert into Shipments (id, order_id, address_id, payment_id, shipper_id) values (39, 39, 12, 39, 2);
insert into Shipments (id, order_id, address_id, payment_id, shipper_id) values (40, 40, 19, 40, 20);
insert into Shipments (id, order_id, address_id, payment_id, shipper_id) values (41, 41, 11, 41, 5);
insert into Shipments (id, order_id, address_id, payment_id, shipper_id) values (42, 42, 5, 42, 5);
insert into Shipments (id, order_id, address_id, payment_id, shipper_id) values (43, 43, 17, 43, 15);
insert into Shipments (id, order_id, address_id, payment_id, shipper_id) values (44, 44, 19, 44, 22);
insert into Shipments (id, order_id, address_id, payment_id, shipper_id) values (45, 45, 19, 45, 20);
insert into Shipments (id, order_id, address_id, payment_id, shipper_id) values (46, 46, 13, 46, 8);
insert into Shipments (id, order_id, address_id, payment_id, shipper_id) values (47, 47, 19, 47, 2);
insert into Shipments (id, order_id, address_id, payment_id, shipper_id) values (48, 48, 18, 48, 5);
insert into Shipments (id, order_id, address_id, payment_id, shipper_id) values (49, 49, 13, 49, 24);
insert into Shipments (id, order_id, address_id, payment_id, shipper_id) values (50, 50, 17, 50, 2);
insert into Shipments (id, order_id, address_id, payment_id, shipper_id) values (51, 51, 16, 51, 14);
insert into Shipments (id, order_id, address_id, payment_id, shipper_id) values (52, 52, 4, 52, 29);
insert into Shipments (id, order_id, address_id, payment_id, shipper_id) values (53, 53, 2, 53, 27);
insert into Shipments (id, order_id, address_id, payment_id, shipper_id) values (54, 54, 8, 54, 12);
insert into Shipments (id, order_id, address_id, payment_id, shipper_id) values (55, 55, 5, 55, 19);
insert into Shipments (id, order_id, address_id, payment_id, shipper_id) values (56, 56, 18, 56, 25);
insert into Shipments (id, order_id, address_id, payment_id, shipper_id) values (57, 57, 17, 57, 21);
insert into Shipments (id, order_id, address_id, payment_id, shipper_id) values (58, 58, 7, 58, 22);
insert into Shipments (id, order_id, address_id, payment_id, shipper_id) values (59, 59, 2, 59, 6);
insert into Shipments (id, order_id, address_id, payment_id, shipper_id) values (60, 60, 11, 60, 11);
insert into Shipments (id, order_id, address_id, payment_id, shipper_id) values (61, 61, 4, 61, 28);
insert into Shipments (id, order_id, address_id, payment_id, shipper_id) values (62, 62, 12, 62, 30);
insert into Shipments (id, order_id, address_id, payment_id, shipper_id) values (63, 63, 13, 63, 28);
insert into Shipments (id, order_id, address_id, payment_id, shipper_id) values (64, 64, 18, 64, 26);
insert into Shipments (id, order_id, address_id, payment_id, shipper_id) values (65, 65, 10, 65, 22);
insert into Shipments (id, order_id, address_id, payment_id, shipper_id) values (66, 66, 17, 66, 14);
insert into Shipments (id, order_id, address_id, payment_id, shipper_id) values (67, 67, 12, 67, 15);
insert into Shipments (id, order_id, address_id, payment_id, shipper_id) values (68, 68, 16, 68, 24);
insert into Shipments (id, order_id, address_id, payment_id, shipper_id) values (69, 69, 15, 69, 30);
insert into Shipments (id, order_id, address_id, payment_id, shipper_id) values (70, 70, 20, 70, 14);
insert into Shipments (id, order_id, address_id, payment_id, shipper_id) values (71, 71, 3, 71, 2);
insert into Shipments (id, order_id, address_id, payment_id, shipper_id) values (72, 72, 7, 72, 20);
insert into Shipments (id, order_id, address_id, payment_id, shipper_id) values (73, 73, 16, 73, 11);
insert into Shipments (id, order_id, address_id, payment_id, shipper_id) values (74, 74, 6, 74, 15);
insert into Shipments (id, order_id, address_id, payment_id, shipper_id) values (75, 75, 4, 75, 7);
insert into Shipments (id, order_id, address_id, payment_id, shipper_id) values (76, 76, 6, 76, 22);
insert into Shipments (id, order_id, address_id, payment_id, shipper_id) values (77, 77, 17, 77, 3);
insert into Shipments (id, order_id, address_id, payment_id, shipper_id) values (78, 78, 14, 78, 5);
insert into Shipments (id, order_id, address_id, payment_id, shipper_id) values (79, 79, 5, 79, 14);
insert into Shipments (id, order_id, address_id, payment_id, shipper_id) values (80, 80, 16, 80, 22);
insert into Shipments (id, order_id, address_id, payment_id, shipper_id) values (81, 81, 17, 81, 21);
insert into Shipments (id, order_id, address_id, payment_id, shipper_id) values (82, 82, 6, 82, 12);
insert into Shipments (id, order_id, address_id, payment_id, shipper_id) values (83, 83, 5, 83, 28);
insert into Shipments (id, order_id, address_id, payment_id, shipper_id) values (84, 84, 13, 84, 14);
insert into Shipments (id, order_id, address_id, payment_id, shipper_id) values (85, 85, 2, 85, 13);
insert into Shipments (id, order_id, address_id, payment_id, shipper_id) values (86, 86, 11, 86, 8);
insert into Shipments (id, order_id, address_id, payment_id, shipper_id) values (87, 87, 12, 87, 13);
insert into Shipments (id, order_id, address_id, payment_id, shipper_id) values (88, 88, 16, 88, 3);
insert into Shipments (id, order_id, address_id, payment_id, shipper_id) values (89, 89, 7, 89, 3);
insert into Shipments (id, order_id, address_id, payment_id, shipper_id) values (90, 90, 14, 90, 15);
insert into Shipments (id, order_id, address_id, payment_id, shipper_id) values (91, 91, 11, 91, 21);
insert into Shipments (id, order_id, address_id, payment_id, shipper_id) values (92, 92, 12, 92, 22);
insert into Shipments (id, order_id, address_id, payment_id, shipper_id) values (93, 93, 12, 93, 11);
insert into Shipments (id, order_id, address_id, payment_id, shipper_id) values (94, 94, 10, 94, 26);
insert into Shipments (id, order_id, address_id, payment_id, shipper_id) values (95, 95, 4, 95, 20);
insert into Shipments (id, order_id, address_id, payment_id, shipper_id) values (96, 96, 9, 96, 1);
insert into Shipments (id, order_id, address_id, payment_id, shipper_id) values (97, 97, 3, 97, 17);
insert into Shipments (id, order_id, address_id, payment_id, shipper_id) values (98, 98, 19, 98, 14);
insert into Shipments (id, order_id, address_id, payment_id, shipper_id) values (99, 99, 20, 99, 3);
insert into Shipments (id, order_id, address_id, payment_id, shipper_id) values (100, 100, 16, 100, 2);
